text,label
ç™½å°å§ æ­£ç‰‡-é«˜æ¸…å…¨é›†å…è´¹åœ¨çº¿è§‚çœ‹-ODCå½±è§† You need to enable JavaScript to run this app.,1
æ¸…å¹³ä¹ ç¬¬22é›†-é«˜æ¸…å…¨é›†å…è´¹åœ¨çº¿è§‚çœ‹-ODCå½±è§† You need to enable JavaScript to run this app.,1
The Sun Dream Team You need to enable JavaScript to run this app.,1
mywelshpool - No Script MyTown sites use javascript. Enable javascript in your browser options.,1
æ­¥æ­¥æƒŠå¿ƒ ç¬¬4é›†-é«˜æ¸…å…¨é›†å…è´¹åœ¨çº¿è§‚çœ‹-ODCå½±è§† You need to enable JavaScript to run this app.,1
Story de @laprovincia_es Es necesario tener JavaScript activado.,1
JuViA[.]Games | Multiplayer Gaming Platform You need to enable JavaScript to run this app.,1
TV2 Play Az oldal megtekintÃ©sÃ©hez Javascript szÃ¼ksÃ©ges.,1
é“å°†å†›é˜¿è´µ ç¬¬12é›†-é«˜æ¸…å…¨é›†å…è´¹åœ¨çº¿è§‚çœ‹-ODCå½±è§† You need to enable JavaScript to run this app.,1
Boston Sports Journal Please enable JavaScript to continue using this application.,1
äº†ä¸èµ·çš„å…’ç§‘é†«ç”Ÿ ç¬¬26é›†-é«˜æ¸…å…¨é›†å…è²»åœ¨ç·šè§€çœ‹-ODCå½±è¦– You need to enable JavaScript to run this app.,1
free ondemand You need to enable JavaScript to run this app.,1
é‡‘æ¬Šæ€§å…§å¹• æ­£ç‰‡-é«˜æ¸…å…¨é›†å…è²»åœ¨ç·šè§€çœ‹-ODCå½±è¦– You need to enable JavaScript to run this app.,1
movies force of nature You need to enable JavaScript to run this app.,1
"WeerRadar - regen, onweer en wolken live JavaScript is required to view this page.",1
Rakuten TV You need to enable JavaScript to run this app.,1
poe.ninja You need to enable JavaScript to run this app.,1
AppMobiQuiz You need to enable JavaScript to run this app.,1
Destiny 1 Raid Report You need to enable JavaScript to run this app.,1
Copilot Enable JavaScript to run this app.,1
GuessWho? Football You need to enable JavaScript to run this app.,1
49's You need to enable JavaScript to run this app.,1
å…¨çƒç‰©æµæŸ¥è©¢å¹³å° | 17TRACK Please enable JavaScript to continue.,1
"UESP Gamemap Sorry, this app requires Javascript to run.",1
Pibbs.chat æ´¾è®ºå› Please enable JavaScript to continue.,1
Ponta PLAY JavaScriptã®æ©Ÿèƒ½ã‚’ æœ‰åŠ¹ã«ã—ã¦ã‚µã‚¤ãƒˆã‚’è¦‹ã¦ã­ ã¯ã˜ã‚ã¦ã®æ–¹ æ¯æ—¥ãã˜ ï¼¼ é–‹å‚¬ä¸­ ï¼ ãƒŸãƒƒã‚·ãƒ§ãƒ³ãã˜ ä»Šé€±ã®ãŠã™ã™ã‚ äººæ°—ãƒ©ãƒ³ã‚­ãƒ³ã‚°,1
CSI: Miami on Pluto TV You need to enable JavaScript to run this app.,1
ä¸æƒ‘ä¹‹æ—… ç¬¬17é›†-é«˜æ¸…å…¨é›†å…è´¹åœ¨çº¿è§‚çœ‹-ODCå½±è§† You need to enable JavaScript to run this app.,1
æ­¥æ­¥æƒŠå¿ƒ ç¬¬5é›†-é«˜æ¸…å…¨é›†å…è´¹åœ¨çº¿è§‚çœ‹-ODCå½±è§† You need to enable JavaScript to run this app.,1
"Tsuki MangÃ¡s Oops, nosso site sÃ³ funciona com javascript.",1
Sound of Text You need to enable JavaScript to run this app.,1
Unique Relics - Affliction - poe.ninja You need to enable JavaScript to run this app.,1
æ˜¥å®¶å°å§æ˜¯è®¼å¸ˆ ç¬¬18é›†-é«˜æ¸…å…¨é›†å…è´¹åœ¨çº¿è§‚çœ‹-ODCå½±è§† You need to enable JavaScript to run this app.,1
Primo Appuntamento - Episodio 1 You need to enable JavaScript to run this app.,1
æ‚¬å´–ä¹‹ä¸Š æ­£ç‰‡-é«˜æ¸…å…¨é›†å…è´¹åœ¨çº¿è§‚çœ‹-ODCå½±è§† You need to enable JavaScript to run this app.,1
stream free live tv You need to enable JavaScript to run this app.,1
Skyscanner You need to enable JavaScript to run this app.,1
Ryska plan nedskjutna av Ukraina - Aftonbladet TV You need to enable JavaScript to run this app.,1
The Sun Dream Team Score Predictor You need to enable JavaScript to run this app.,1
Ordlig - Wordle pÃ¥ svenska You need to enable JavaScript to run this app.,1
Sorry Faucetcrypto requires Javascript Please enabled it and try again .,1
Hallmark Channel's Matching Moments You need to enable JavaScript to run this app.,1
å—æä¹‹æ‹ æ­£ç‰‡-é«˜æ¸…å…¨é›†å…è´¹åœ¨çº¿è§‚çœ‹-ODCå½±è§† You need to enable JavaScript to run this app.,1
Stories Besocy.com Es necesario tener JavaScript activado.,1
Mo PTT é„‰å…¬æ‰€ è«‹å•Ÿç”¨ç€è¦½å™¨çš„JavaScriptä¾¿èƒ½æ­£å¸¸ç€è¦½æœ¬ç¶²ç«™,1
You are not allowed to disable javascript on our website!! Thank you,1
ç…çŠæ¦œ ç¬¬49é›† (Nirvana in Fire) - OnDemandChina ODCå½±è§† You need to enable JavaScript to run this app.,1
Rutadirecta Please enable JavaScript to continue using this application.,1
Stats for Spotify This site only works if JavaScript is enabled in your Browser,1
Kann Jay DOMINIEREN? | Golf it! | PietSmiet Diese Website erfordert JavaScript,1
NRL Tipping You need to enable JavaScript to run this app.,1
åœ¨ä¸‹æä½‘ ç¬¬24é›†-é«˜æ¸…å…¨é›†å…è²»åœ¨ç·šè§€çœ‹-ODCå½±è¦– You need to enable JavaScript to run this app.,1
Loading... JavaScript is Disabled in your browser. Please Enable the JavaScript to continue.,1
Amtraker You need to enable JavaScript to run this app.,1
Consumidor Positivo You need to enable JavaScript to run this app.,1
mynewtown - No Script MyTown sites use javascript. Enable javascript in your browser options.,1
ç”„å¬›ä¼  ç¬¬73é›†-é«˜æ¸…å…¨é›†å…è´¹åœ¨çº¿è§‚çœ‹-ODCå½±è§† You need to enable JavaScript to run this app.,1
King Features - Puzzles Please enable JavaScript to continue using this application.,1
Live365 Dashboard You need to enable JavaScript to run this app.,1
OnDemandChina - åŒ—ç¾æµ·å¤–åäººé¦–é€‰è§†é¢‘ç½‘ç«™ - æ­£ç‰ˆé«˜æ¸…åœ¨çº¿æ’­æ”¾ You need to enable JavaScript to run this app.,1
Die TLC-Sendungen im Ãœberblick You need to enable JavaScript to run this app.,1
Victordle You need to enable JavaScript to run this app.,1
Create and Promote Discussions & Events | Muslims You need to enable JavaScript to run this app.,1
Countries of Asia Map Quiz | World Geography Games Please enable JavaScript to play this game! .,1
Bitte aktivieren Sie JavaScript um diese Applikation zu nutzen.,1
ç”„å¬›ä¼  ç¬¬6é›†-é«˜æ¸…å…¨é›†å…è´¹åœ¨çº¿è§‚çœ‹-ODCå½±è§† You need to enable JavaScript to run this app.,1
Elo.rip League of Legends Champion Randomizer You need to enable JavaScript to run this app.,1
Compare College Offers | Crowdsourced College Offers You need to enable JavaScript to run this app.,1
åœ¨ä¸‹æä½‘ ç¬¬23é›†-é«˜æ¸…å…¨é›†å…è²»åœ¨ç·šè§€çœ‹-ODCå½±è¦– You need to enable JavaScript to run this app.,1
Se dag 2 av Bocuse d'Or 2024 direkte - VGTV You need to enable JavaScript to run this app.,1
Unique Accessories - Standard - poe.ninja You need to enable JavaScript to run this app.,1
Globle: Capitals You need to enable JavaScript to run this app.,1
D2 Checklist Loading D2 Checklist... Please enable JavaScript to continue using this application.,1
Globle You need to enable JavaScript to run this app.,1
æ¸…å¹³ä¹ ç¬¬24é›†-é«˜æ¸…å…¨é›†å…è´¹åœ¨çº¿è§‚çœ‹-ODCå½±è§† You need to enable JavaScript to run this app.,1
ClashBases You need to enable JavaScript to run this app.,1
ç”„å¬›ä¼  ç¬¬63é›†-é«˜æ¸…å…¨é›†å…è´¹åœ¨çº¿è§‚çœ‹-ODCå½±è§† You need to enable JavaScript to run this app.,1
Quiztwiz You need to enable JavaScript to run this app.,1
ç…çŠæ¦œ ç¬¬2é›† (Nirvana in Fire) - OnDemandChina ODCå½±è§† You need to enable JavaScript to run this app.,1
Frantic Fanfic | A Creative Writing Party Game You need to enable JavaScript to run this app.,1
Nikeâ€™s Space Jam 2 Collection | FotoSCAPES You need to enable JavaScript to run this app.,1
"Azure Speed Test Sorry, JavaScript must be enabled to use this app",1
Cladder You need to enable JavaScript to run this app.,1
ç…çŠæ¦œ ç¬¬12é›† (Nirvana in Fire) - OnDemandChina ODCå½±è§† You need to enable JavaScript to run this app.,1
ã‚ªãƒ³ã‚¨ã‚¢æ¥½æ›²ä¸€è¦§ï½œãƒ©ã‚¸ã‚ªå±€ BAYFM78 Javascript ã‚’æœ‰åŠ¹ã«ã—ã¦ãã ã•ã„,1
ç…çŠæ¦œ ç¬¬32é›† (Nirvana in Fire) - OnDemandChina ODCå½±è§† You need to enable JavaScript to run this app.,1
Raid Report You need to enable JavaScript to run this app.,1
React: American reacts to MAGIC GERMAN EGG THING | PietSmiet Diese Website erfordert JavaScript,1
WeAcademia You need to enable JavaScript to run this app.,1
SEGUIMIENTO DE PAQUETES TODO-EN-UNO | 17TRACK Please enable JavaScript to continue.,1
Tunefind You need to enable JavaScript to run this app.,1
Flagle You need to enable JavaScript to run this app. Do not share my Personal Information.,1
RunYourPool You need to enable JavaScript to run this app.,1
Alicia Keysâ€™ $21 Million Razor House | FotoSCAPES You need to enable JavaScript to run this app.,1
Roku Please enable JavaScript in your browser to use this website. Reload Page,1
Aftonbladet TV You need to enable JavaScript to run this app.,1
Guida TV Real Time You need to enable JavaScript to run this app.,1
JavaScript must be enabled to enter this promotion. Click here to learn how to enable JavaScript.,1
Love in Paradise | TLC You need to enable JavaScript to run this app.,1
Liiga You need to enable JavaScript to run this app.,1
The Obamasâ€™ New $12 Million Home | FotoSCAPES You need to enable JavaScript to run this app.,1
Dungeon Report You need to enable JavaScript to run this app.,1
Play Impostor Onlineâ„¢ You need to enable JavaScript to run this app.,1
NWMM - New World Minimap You need to enable JavaScript to run this app.,1
atmegame.com You need to enable JavaScript to run this app.,1
Unique Weapons - Affliction - poe.ninja You need to enable JavaScript to run this app.,1
Handelsblatt Please enable JavaScript to continue using this application.,1
Web Player - Pocket Casts You need to enable JavaScript to run this app.,1
You need to enable JavaScript to run this app.,1
YGO Prog You need to enable JavaScript to run this app.,1
i24NEWS You have to enable JavaScript to run this app.,1
Conexo You need to enable JavaScript to run this app.,1
ç ´äº¿ç¥¨æˆ¿äºšæ´²ç”µå½± - é«˜æ¸…æ­£ç‰ˆçƒ­é—¨ç”µå½±å…è´¹åœ¨çº¿è§‚çœ‹ - ODCå½±è§† You need to enable JavaScript to run this app.,1
é¦™æ¸¯é«˜ç™»è¨è«–å€ è«‹å…ˆå•Ÿç”¨ JavaScript,1
æ¼‚æµæ¬²å®¤ æ­£ç‰‡-é«˜æ¸…å…¨é›†å…è´¹åœ¨çº¿è§‚çœ‹-ODCå½±è§† You need to enable JavaScript to run this app.,1
King.com Javascript is disabled Please enable javascript and refresh the page.,1
Fixer Upper: Welcome Home You need to enable JavaScript to run this app.,1
ç”„å¬›ä¼  ç¬¬52é›†-é«˜æ¸…å…¨é›†å…è´¹åœ¨çº¿è§‚çœ‹-ODCå½±è§† You need to enable JavaScript to run this app.,1
"CountySports.Zone | Scores, Schedules, Standings You need to enable JavaScript to run this app.",1
ç”„å¬›ä¼  ç¬¬8é›†-é«˜æ¸…å…¨é›†å…è´¹åœ¨çº¿è§‚çœ‹-ODCå½±è§† You need to enable JavaScript to run this app.,1
äº†ä¸èµ·çš„å„¿ç§‘åŒ»ç”Ÿ ç¬¬21é›†-é«˜æ¸…å…¨é›†å…è´¹åœ¨çº¿è§‚çœ‹-ODCå½±è§† You need to enable JavaScript to run this app.,1
izzi go Your browser does not support JavaScript!,1
æ­¦åˆ™å¤©ç§˜å² ç¬¬50é›†-é«˜æ¸…å…¨é›†å…è´¹åœ¨çº¿è§‚çœ‹-ODCå½±è§† You need to enable JavaScript to run this app.,1
Vectr You need to enable JavaScript to run this app.,1
çˆ¶æ¯çˆ±æƒ… ç¬¬12é›†-é«˜æ¸…å…¨é›†å…è´¹åœ¨çº¿è§‚çœ‹-ODCå½±è§† You need to enable JavaScript to run this app.,1
DiffNow You need to enable JavaScript to run this app.,1
è¥¿è™¹å¸‚é¦–å¯Œ æ­£ç‰‡-é«˜æ¸…å…¨é›†å…è´¹åœ¨çº¿è§‚çœ‹-ODCå½±è§† You need to enable JavaScript to run this app.,1
Story de @La_SER | Programas Es necesario tener JavaScript activado.,1
Freespoke.com â€“ Your new search engine. You need to enable JavaScript to run this app.,1
Cine2Nerdle You need to enable JavaScript to run this app.,1
You need to enable JavaScript to run this app. Your browser does not support iframes.,1
Accordi e Disaccordi: dove vederlo in TV e streaming You need to enable JavaScript to run this app.,1
å…¨çƒç‰©æµæŸ¥è¯¢å¹³å° | 17TRACK Please enable JavaScript to continue.,1
Ant Design Vue â€” An enterprise-class UI components based on Ant Design and Vue.js,1
RASTREAMENTO COMPLETO DE ENCOMENDAS | 17TRACK Please enable JavaScript to continue.,1
Wszystko-w-Jednym Åšledzenie przesyÅ‚ek | 17TRACK Please enable JavaScript to continue.,1
CurlScan - Curly Girl Method Approved Product Search You need to enable JavaScript to run this app.,1
Compare all AR Headsets & Glasses - VRcompare You need to enable JavaScript to access this site.,1
ç”„å¬›ä¼  ç¬¬58é›†-é«˜æ¸…å…¨é›†å…è´¹åœ¨çº¿è§‚çœ‹-ODCå½±è§† You need to enable JavaScript to run this app.,1
Woordle - Een dagelijks woordspelletje Deze pagina werkt alleen met javascript ingeschakeld.,1
Dieser Bleistift = FAILS! | TTT | PietSmiet Diese Website erfordert JavaScript,1
Murder Ledger You need to enable JavaScript to run this app.,1
äº†ä¸èµ·çš„å„¿ç§‘åŒ»ç”Ÿ ç¬¬17é›†-é«˜æ¸…å…¨é›†å…è´¹åœ¨çº¿è§‚çœ‹-ODCå½±è§† You need to enable JavaScript to run this app.,1
Crunchyroll You need to enable JavaScript to run this app.,1
Pop C Trivia PopCTrivia doesn't work without JavaScript. Please enable it to continue.,1
ç”„å¬›ä¼  ç¬¬54é›†-é«˜æ¸…å…¨é›†å…è´¹åœ¨çº¿è§‚çœ‹-ODCå½±è§† You need to enable JavaScript to run this app.,1
DARYA | The Best TV Series & Movies for Afghans Please enable JavaScript,1
MindTools | Home You need to enable JavaScript to run this app.,1
ç”„å¬›ä¼  ç¬¬45é›†-é«˜æ¸…å…¨é›†å…è´¹åœ¨çº¿è§‚çœ‹-ODCå½±è§† You need to enable JavaScript to run this app.,1
Play App Launcher Onlineâ„¢ You need to enable JavaScript to run this app.,1
Woordle6 - Een dagelijks woordspelletje Deze pagina werkt alleen met javascript ingeschakeld.,1
March Madness 2023 Bracket by Playoff Predictors You need to enable JavaScript to run this app.,1
MÃ¥tte roe ned kona - VGTV You need to enable JavaScript to run this app.,1
Contexto You need to enable JavaScript to run this app.,1
CIDNET Initializing Please enable JavaScript to continue using this application.,1
Weaver - A daily word ladder game You need to enable JavaScript to run this app.,1
El retrato de la princesa Leonor que arrasa en Instagram Es necesario tener JavaScript activado.,1
Top 5 Ways to Get and Stay Organized | FotoSCAPES You need to enable JavaScript to run this app.,1
GMT This site requires JavaScript Clocks and other features will not work,1
æ˜Ÿæ±‰ç¿çƒ‚ ç¬¬18é›†-é«˜æ¸…å…¨é›†å…è´¹åœ¨çº¿è§‚çœ‹-ODCå½±è§† You need to enable JavaScript to run this app.,1
7 Foods That May Help You Live Longer | FotoSCAPES You need to enable JavaScript to run this app.,1
Rankdle - The daily Guess the Rank Game You need to enable JavaScript to run this app.,1
Obscurify Please enable JavaScript to continue using this application.,1
Novel Debut or Die Chapter 433 - English Novel You can not open this website with JS disabled!!,1
TDTChannels | Canales de TV y Radio IPTV You need to enable JavaScript to run this app.,1
Vogue Australia Vogue Australia You need to enable JavaScript to run this app.,1
éš‹å”è‹±é›„ ç¬¬48é›†-é«˜æ¸…å…¨é›†å…è´¹åœ¨çº¿è§‚çœ‹-ODCå½±è§† You need to enable JavaScript to run this app.,1
ç”„å¬›ä¼  ç¬¬18é›†-é«˜æ¸…å…¨é›†å…è´¹åœ¨çº¿è§‚çœ‹-ODCå½±è§† You need to enable JavaScript to run this app.,1
Doodle You need to enable JavaScript to run this app.,1
PRACC.COM - Find your scrims fast and easy You need to enable JavaScript to run this app.,1
Watch TV Shows & Movies Online Free | Global TV App You need to enable JavaScript to run this app.,1
ãƒãƒ³ã‚«ãƒä¸­ç¶™ - ãƒ­ãƒ“ãƒ¼ ãŠä½¿ã„ã®ãƒ–ãƒ©ã‚¦ã‚¶ã§ã¯JavascriptãŒç„¡åŠ¹ã«è¨­å®šã•ã‚Œã¦ã„ã¾ã™ã€‚æœ‰åŠ¹ã«ã—ã¦ã”åˆ©ç”¨ãã ã•ã„ã€‚ name,1
ç”„å¬›ä¼  ç¬¬76é›†-é«˜æ¸…å…¨é›†å…è´¹åœ¨çº¿è§‚çœ‹-ODCå½±è§† You need to enable JavaScript to run this app.,1
ç”„å¬›ä¼  ç¬¬5é›†-é«˜æ¸…å…¨é›†å…è´¹åœ¨çº¿è§‚çœ‹-ODCå½±è§† You need to enable JavaScript to run this app.,1
ä¹¡æ‘çˆ±æƒ…äº¤å“æ›² ç¬¬36é›†-é«˜æ¸…å…¨é›†å…è´¹åœ¨çº¿è§‚çœ‹-ODCå½±è§† You need to enable JavaScript to run this app.,1
Please enable JavaScript on your browser.,1
ä¸æƒ‘ä¹‹æ—… ç¬¬15é›†-é«˜æ¸…å…¨é›†å…è´¹åœ¨çº¿è§‚çœ‹-ODCå½±è§† You need to enable JavaScript to run this app.,1
2anki.net You need to enable JavaScript to run this app.,1
Temperatur.nu You need to enable JavaScript to run this app.,1
7 Fun Tricks to Teach Your Dog | FotoSCAPES You need to enable JavaScript to run this app.,1
MetaTFT - Discover the TFT Meta with stats and data You need to enable JavaScript to run this app.,1
Alfred WebViewer | PC as Home Security Monitor You need to enable JavaScript to run this app.,1
å¤§ä½›æ™®æ‹‰æ–¯ æ­£ç‰‡-é«˜æ¸…å…¨é›†å…è´¹åœ¨çº¿è§‚çœ‹-ODCå½±è§† You need to enable JavaScript to run this app.,1
Bloxd You need to enable JavaScript to run this app.,1
Akasha System You need to enable JavaScript to run this app.,1
Ida & Vegard: plan Baby - episode 2 - VGTV You need to enable JavaScript to run this app.,1
éš‹å”è‹±é›„ ç¬¬49é›†-é«˜æ¸…å…¨é›†å…è´¹åœ¨çº¿è§‚çœ‹-ODCå½±è§† You need to enable JavaScript to run this app.,1
Binerdle - guess two nerdles at once You need to enable JavaScript to run this app.,1
"Etro Etro requires JavaScript to function, please check your browser settings.",1
Spark Trivia You need to enable JavaScript to run this app.,1
Play Roblox Onlineâ„¢ You need to enable JavaScript to run this app.,1
é•¿ç›¸å®ˆ ç¬¬15é›†-é«˜æ¸…å…¨é›†å…è´¹åœ¨çº¿è§‚çœ‹-ODCå½±è§† You need to enable JavaScript to run this app.,1
English Novel - DaoTranslate.com You can not open this website with JS disabled!!,1
Cluster Jewels - Affliction - poe.ninja You need to enable JavaScript to run this app.,1
OnePiece-CardGame.dev Library and Deck Builder You need to enable JavaScript to run this app.,1
Skip krasjet i havn - veltet flere kraner - VGTV You need to enable JavaScript to run this app.,1
æ­¦åˆ™å¤©ç§˜å² ç¬¬1é›†-é«˜æ¸…å…¨é›†å…è´¹åœ¨çº¿è§‚çœ‹-ODCå½±è§† You need to enable JavaScript to run this app.,1
ç”„å¬›ä¼  ç¬¬30é›†-é«˜æ¸…å…¨é›†å…è´¹åœ¨çº¿è§‚çœ‹-ODCå½±è§† You need to enable JavaScript to run this app.,1
"I like you â€“ I Think I Like You You need JavaScript working for this website to work, sorry =(",1
Kultivi You need to enable JavaScript to run this app.,1
Play Arknights Onlineâ„¢ You need to enable JavaScript to run this app.,1
Play Genshin Impact Onlineâ„¢ You need to enable JavaScript to run this app.,1
EasyMC.io - Your Minecraft Community You need to enable JavaScript to run this app.,1
æ— å­—ç¢‘æ­Œï¼šæ­¦åˆ™å¤©ä¼  ç¬¬34é›†-é«˜æ¸…å…¨é›†å…è´¹åœ¨çº¿è§‚çœ‹-ODCå½±è§† You need to enable JavaScript to run this app.,1
Hardcore Pawn | Kostenlos online sehen | DMAX.de You need to enable JavaScript to run this app.,1
Polygonle - The official geometric puzzle game You need to enable JavaScript to run this app.,1
Mathler - A daily math puzzle You need to enable JavaScript to run this app.,1
ã‚¼ãƒ–ãƒ©ãƒƒã‚¯ï½œç·åˆé›»å­æ›¸åº— You need to enable JavaScript to run this app.,1
ç”„å¬›ä¼  ç¬¬32é›†-é«˜æ¸…å…¨é›†å…è´¹åœ¨çº¿è§‚çœ‹-ODCå½±è§† You need to enable JavaScript to run this app.,1
News Express Nigeria You need to enable JavaScript to run this app.,1
You can not open this website with JS disabled!!,1
Hertl - NHL Player Guessing Game You need to enable JavaScript to run this app.,1
Play Among Us Onlineâ„¢ You need to enable JavaScript to run this app.,1
JavaScript must be enabled. Outlook,1
Sixty Upgrades You need to enable JavaScript to run this app.,1
Duotrigordle You need to enable JavaScript to run this app.,1
Rasende finne skremmer vettet av bjÃ¸rn - VGTV You need to enable JavaScript to run this app.,1
ä»¥å®¶äººä¹‹å ç¬¬29é›†-é«˜æ¸…å…¨é›†å…è´¹åœ¨çº¿è§‚çœ‹-ODCå½±è§† You need to enable JavaScript to run this app.,1
My Gamatoto | Battle Cats Wiki for Cat Stats You need to enable JavaScript to run this app.,1
Sling TV You need to enable JavaScript to run this app.,1
Quordle EspaÃ±ol Necesitas habilitar JavaScript para ejecutar esta aplicaciÃ³n.,1
Nanny Lane JavaScript is disabled in your browser. Welcome! Please choose your location. USA Canada,1
"Truth Social To use this website, please enable JavaScript.",1
é¹¿é¼è®°ï¼ˆéŸ©æ ‹ç‰ˆï¼‰ ç¬¬2é›†-é«˜æ¸…å…¨é›†å…è´¹åœ¨çº¿è§‚çœ‹-ODCå½±è§† You need to enable JavaScript to run this app.,1
choreograph create You need to enable JavaScript to run this app.,1
Dokkan Wiki This application requires javascript to be enabled to function.,1
Huzounet You need to enable JavaScript to run this app.,1
SWordle - Wordle for Star Wars You need to enable JavaScript to run this app.,1
NRL Fantasy You need to enable JavaScript to run this app.,1
çº¢è‰² ç¬¬13é›†-é«˜æ¸…å…¨é›†å…è´¹åœ¨çº¿è§‚çœ‹-ODCå½±è§† You need to enable JavaScript to run this app.,1
Searchle | The Daily Google Autocomplete Game You need to enable JavaScript to run this app.,1
LÃ¸per fra stedet - VGTV You need to enable JavaScript to run this app.,1
Play Rocket League Sideswipe Onlineâ„¢ You need to enable JavaScript to run this app.,1
å¤©æ¶¯æ˜æœˆåˆ€ ç¬¬1é›†-é«˜æ¸…å…¨é›†å…è´¹åœ¨çº¿è§‚çœ‹-ODCå½±è§† You need to enable JavaScript to run this app.,1
ç…çŠæ¦œ ç¬¬1é›† (Nirvana in Fire) - OnDemandChina ODCå½±è§† You need to enable JavaScript to run this app.,1
Pollstar Please enable JavaScript to continue using this application.,1
Stories DAP | Portada Es necesario tener JavaScript activado.,1
CromosRepes.com Please enable JavaScript to continue using this application.,1
Flytant You need to enable JavaScript to run this app.,1
Teleparty You need to enable JavaScript to run this app!,1
Worldle - Guess the Country You need to enable JavaScript to run this app.,1
"Reality-stjerne krasjer Ferrari til 1,3 mill - VGTV You need to enable JavaScript to run this app.",1
åŒæ¢ - é«˜æ¸…å…è´¹åœ¨çº¿è§‚çœ‹- OnDemandChina You need to enable JavaScript to run this app.,1
Naked Attraction | Kostenlos sehen | TLC You need to enable JavaScript to run this app.,1
Quordle You need to enable JavaScript to run this app.,1
é‚»å±…çš„è¯±æƒ‘ ç¬¬17é›†-é«˜æ¸…å…¨é›†å…è´¹åœ¨çº¿è§‚çœ‹-ODCå½±è§† You need to enable JavaScript to run this app.,1
Fantrax Please enable JavaScript to continue using Fantrax.,1
ä¸€æ´¾å•†åŸ 1Pi.app Please enable JavaScript to continue.,1
3D Gif Maker You need to enable JavaScript to run this app.,1
ä¸é’æ˜¥æœ‰å…³çš„æ—¥å­ ç¬¬7é›†-é«˜æ¸…å…¨é›†å…è´¹åœ¨çº¿è§‚çœ‹-ODCå½±è§† You need to enable JavaScript to run this app.,1
äº†ä¸èµ·çš„å…’ç§‘é†«ç”Ÿ ç¬¬20é›†-é«˜æ¸…å…¨é›†å…è²»åœ¨ç·šè§€çœ‹-ODCå½±è¦– You need to enable JavaScript to run this app.,1
Please enable JavaScript to continue using this application.,1
Pi You need to enable JavaScript to run this app.,1
Ordel - gissa dagens ord! Wordle pÃ¥ svenska You need to enable JavaScript to run this app.,1
Ridella - Riddle of the Day You need to enable JavaScript to run this app.,1
ãƒ©ã‚¸ã‚ªå±€ BAYFM78 Javascript ã‚’æœ‰åŠ¹ã«ã—ã¦ãã ã•ã„,1
"Sorry, the app doesn't run without JavaScript!",1
"#corrupted Manga, Comics on pixiv, Japan",0
Hair Catwalk,0
ã€ãƒ‡ãƒ¥ãƒ¼ãƒ³ ç ‚ã®æƒ‘æ˜ŸPART2ã€ã§å…¨ã‚«ãƒƒãƒˆã•ã‚ŒãŸä¿³å„ªãŸã¡ ãƒ´ã‚£ãƒ«ãƒŒãƒ¼ãƒ´ç›£ç£ã€Œè‹¦æ¸‹ã®æ±ºæ–­ã€,0
ã€ŒãŠéš£ã®å¤©ä½¿æ§˜ã«ã„ã¤ã®é–“ã«ã‹é§„ç›®äººé–“ã«ã•ã‚Œã¦ã„ãŸä»¶ã€9å·»ãŒæœ¬æ—¥ç™ºå£²ï¼ TVã‚¢ãƒ‹ãƒ¡2æœŸã‚‚æ±ºå®šã—ãŸæ‹ã®ç‰©èªã€Œã“ã®ãƒ©ã‚¤ãƒˆãƒãƒ™ãƒ«ãŒã™ã”ã„ï¼2024ã€ã§ã¯å²ä¸Šåˆã®5å† ã‚’é”æˆ,0
Request unsuccessful. Incapsula incident ID: 8216000040039470361-123697231916695821,0
çŸ³å·ç¥å¸Œã®ãƒŸãƒ©ãƒãŒé€†è»¢è² ã‘ æº–æ±ºå‹é€²å‡ºã¯æ®‹ã‚Š2æˆ¦å…¨å‹ãŒæ¡ä»¶,0
"India's economic surge echoes mid-2000s boom, says Morgan Stanley report",0
Construire un Graphique f(x) Ã  partir d'une Ã©quation,0
"#è…ãƒ«ãƒ¼ãƒ­ãƒƒã‚¯å°èª¬100userså…¥ã‚Š Novels, Japanese Works on pixiv, Japan",0
Los niveles de vitamina D o la tensiÃ³n: los factores que ayudan a frenar la demencia precoz,0
"Sports News, Podcasts, Rumors and Articles | SportSpyder",0
æ—¥ì„œ ì „ë³µëœ í•œêµ­ì„ ì  ìˆ˜ì†¡ì„  2ëª… ì¶”ê°€ êµ¬ì¡°â€¦í•œêµ­ì¸ ì—¬ë¶€ ë¯¸í™•ì¸,0
Nissyã€èƒ½ç™»åŠå³¶åœ°éœ‡è¢«ç½åœ°ãƒ»çŸ³å·çœŒã§ã®ãƒœãƒ©ãƒ³ãƒ†ã‚£ã‚¢æ´»å‹•ã‚’å ±å‘Šã€Œæ”¯æ´ã‚’é•·æœŸçš„ã«è¡Œã£ã¦ã„ãã¾ã™ã€ ã‚¤ãƒ™ãƒ³ãƒˆã§ã®å‹Ÿé‡‘å¯„ä»˜ã‚‚,0
Descubre cuÃ¡les son los coches mÃ¡s caros de la historia,0
Request unsuccessful. Incapsula incident ID: 1607000810281948307-46343255574910046,0
Judge rules computer scientist not Bitcoin inventor,0
"""Poutine a rÃ©ouvert le chapitre de la cruautÃ© mondiale""",0
PLAYER LETV8.CC,0
Request unsuccessful. Incapsula incident ID: 1542000750000921856-57774293849084620,0
How to open the full right-click menu by default on Windows 11,0
"Ma Box de Cross - Trouvez une salle de CrossFitÂ®, de Cross Training ou de Fitness Fonctionnel !",0
The Flame or A.L.I.E 2.0 keychain-The 100 by EzDzO - Thingiverse,0
TNT Sports realiza importantes cambios en sus seÃ±ales: Â¿CuÃ¡les son los nuevos canales?,0
Watch The Rookie Online: Free Streaming & Catch Up TV in Australia | 7plus,0
La policÃ­a investiga una amenaza de bomba dirigida al partido inaugural,0
Maticoo News,0
Elections 2024 watershed moment in SA politics,0
Japan: Corruption scandal threatens PM Kishida's government,0
Reports: 12-team College Football Playoff wonâ€™t be around for very long,0
Yamaha â€œnot magiciansâ€ as it's left â€œnot happyâ€ after Qatar MotoGP round,0
Si assumono cento librai. Ãˆ richiesto il diploma,0
Blinded by the light: Loss of incandescent bulbs penalizes those with visual problem,0
- ã‚¨ãƒ ãƒšï¼ç„¡æ–™ãƒ›ãƒ ãƒšä½œæˆ [ æºå¸¯ãƒ¢ãƒ¼ãƒ‰] [ URLé€ä¿¡] ã‚¨ãƒ©ãƒ¼ï¼ IDãŒå­˜åœ¨ã—ã¾ã›ã‚“ã€‚ ç„¡æ–™HPã‚¨ãƒ ãƒšï¼,0
"à¦…à¦¬à¦¶à§‡à¦·à§‡ à¦¯à§‹à¦—à¦¾à¦¯à§‹à¦— à¦•à¦°à¦² à¦œà¦²à¦¦à¦¸à§à¦¯à§à¦°à¦¾, à¦®à§à¦•à§à¦¤à¦¿à¦ªà¦£ à¦¨à¦¿à§Ÿà§‡ à¦¯à¦¾ à¦œà¦¾à¦¨à¦¾ à¦—à§‡à¦²",0
9 March Madness heroes in waiting for 2024 menâ€™s NCAA tournament,0
"Arhaus, Inc. (ARHS) Surges 5.8%: Is This an Indication of Further Gains?",0
ã€åºƒå³¶ã€‘ç‰æ‘æ˜‡æ‚Ÿï¼•å›ï¼‘å¤±ç‚¹ã§å…ˆç™ºï¼–ç•ªæ‰‹ã‚¢ãƒ”ãƒ¼ãƒ«ã‚‚ã€Œåˆå›ã‹ã‚‰å¾ŒåŠã®æ„Ÿã˜ã§æŠ•ã’ã‚‰ã‚ŒãŸã‚‰ã€ã¨åçœ,0
Santri Pilihan Bunda Episode 1 - Santri Pilihan Bunda | Vidio You've reached your device limit,0
"Alibaba's AliExpress Sees Order Surge with New 5-Day Delivery to the US, Expanding Global Reach",0
The Best Way to Learn Triad Chord Shapes on Guitar | Ultimate Guitar,0
å°ç£çˆ­å–èˆ‡åŠ æ‹¿å¤§ç°½è¨‚é›™é‚Šè²¿æ˜“å”å®š åŠ åœ‹é‡‹æ­£é¢è¨Šè™Ÿ,0
ãªã§ã—ã“ã‚¸ãƒ£ãƒ‘ãƒ³ã€ãƒ‘ãƒªäº”è¼ªå‡ºå ´æ¨©ã¯ã“ã®ä¸€æˆ¦ã«ã€ä»Šå¤œå†ã³åŒ—æœé®®ã¨æ¿€çª,0
"NZ Herald: Latest NZ news, plus World, Sport, Business and more - NZ Herald",0
Service delivery | Diepkloof hostel residents fuming over MEC snub,0
"#skinsuit Drawings, Best Fan Art on pixiv, Japan",0
Ø·Ø±ÙŠÙ‚Ø© Ø¹Ù…Ù„ Ø§Ù„Ø¨Ø³Ø¨ÙˆØ³Ø© Ø¨Ø§Ù„Ø³Ù…ÙŠØ¯ ÙˆØ¬ÙˆØ² Ø§Ù„Ù‡Ù†Ø¯,0
"Do you believe in Hell?, Phish Discussion Topic on Phantasy Tour",0
Meniskusriss: FCN muss im Abstiegskampf auf Krammer verzichten,0
Donald Trump told to pay six-figure costs of firm he sued,0
March Madness: Wagner makes school history after absolutely bonkers finish vs Howard,0
HMRC to close phone lines for six months every year,0
Te Alquilo Mi Amor Cap 18 en EspaÃ±ol - video Dailymotion Font,0
Ask A Nutrition Professional: How Much Flaxseed Per Day Is Needed For Meaningful Health Benefit?,0
Infonavit: Â¿CÃ³mo consultar tu estado de cuenta en tan solo 4 pasos?,0
"Tragedia na pokÅ‚adzie samolotu. ""Po wszystkim po prostu przykryli jÄ… kocem""",0
"Johnny Buss, propietario de los Lakers, candidato a la presidencia de los Estados Unidos",0
å¤§æ´¥ç¶¾é¦™æ° ã¿ã‚“ã¤ãå…šç ´ç”£ã§è¨˜è€…ã‹ã‚‰å€Ÿé‡‘ã®äº‹å‰æŠŠæ¡å•ã‚ã‚Œã€Œã»ã¨ã‚“ã©çŸ¥ã‚‰ãªã‹ã£ãŸã€,0
Kentucky firefighter dies in crash while preparing to escort fallen EMT to funeral home,0
ÙˆØ²ÙŠØ± Ø§Ù„Ù†Ù‚Ù„: Â«Ù†Ù‡ØªÙ… Ø¨ØªØ¬Ø§Ø±Ø© Ø§Ù„ØªØ±Ø§Ù†Ø²ÙŠØª Ù„Ø£Ù†Ù‡Ø§ Ø³ÙˆÙ ØªÙØ¯Ø± Ø¯Ø®Ù„Ø§ Ø¶Ø¹Ù Ù…Ø§ ØªØ­Ù‚Ù‚Ù‡ Ø§Ù„Ø³ÙŠØ§Ø­Ø©Â»,0
ì´ë¯¸ì§€ ë³´ê¸° - ë¼ë””ì˜¤ì½”ë¦¬ì•„ ì´ë¯¸ì§€ê°€ ì—†ìŠµë‹ˆë‹¤.,0
Negociar DÃ­vidas Online | Acordo Certo,0
Gebrauchtwagen-Check: VerlÃ¤ssliche Sportskanone: Der Audi TT,0
The Incredible Story Behind Chevy Corvette Race Car Driver Cliff Gottlob,0
â€˜Surprise attackâ€™: Myrtle Beach man accused of throwing antisemitic flyers into Pee Dee yards,0
Inside the Chipotle founder's new robot-powered vegan restaurant,0
"#Nagi/Isagi Drawings, Best Fan Art on pixiv, Japan",0
å†’é™ºè€…ãŸã¡ã®ãƒãƒ¼ãƒ ã‚’ç‡ã„ã¦æœ€é«˜ãƒ©ãƒ³ã‚¯ã®ã‚®ãƒ«ãƒ‰ã‚’ç›®æŒ‡ã™RPGã€ŒNoob - ã‚¶ ãƒ•ã‚¡ã‚¯ã‚·ãƒ§ãƒ³ãƒ¬ã‚¹ã€ãŒé…ä¿¡é–‹å§‹ï¼,0
MAGA fans were confronted with US citizenship test by Jimmy Kimmel. Hereâ€™s what happened,0
Was macht glÃ¼cklich? Experte nennt 6 Faktoren,0
Hochzeit auf den ersten Blick - Australien Staffel 8 Folge 17 streamen,0
"original / ã€å‰µä½œã€‘é£Ÿäººè¨ˆç•« 61è©± / March 20th, 2024 - pixiv",0
Homepage,0
ç‡ç›´ã«å•ã† æ—¥ç”£ãƒ»ãƒ›ãƒ³ãƒ€ã¯æœ¬å½“ã«ã€ŒEVæˆ¦äº‰ã€ã‚’ç”Ÿãæ®‹ã‚Œã‚‹ã®ã‹ï¼Ÿ ãƒ†ã‚¹ãƒ©æŠ€è¡“ï¼†ä¸­å›½ã®é‡ç”£åŠ¹æœã«å¯¾æŠ—ã§ãã‚‹ã®ã‹ï¼Ÿ,0
ã‚„ã£ã±â€œç™½â€æœ€å¼·èª¬ï¼ã€ZARAã€‘ã©ã‚“ãªã‚³ãƒ¼ãƒ‡ã«ã‚‚åˆã†ï¼ã€Œå„ªç§€ãƒãƒƒã‚°ã€,0
Â¿DÃ³nde ver el equinoccio de primavera 2024 en MÃ©xico?,0
4 affordable luxury honeymoon escapes in SA,0
"Utah Jazz at Oklahoma City Thunder odds, picks and predictions",0
15+ Style Mistakes Men Make That Make Them Look â€˜Oldâ€™ - Relationship Surgery,0
Consejos y Cuidados para Mantener tus Sillones en Perfecto Estado,0
"7-Day No-Sugar Anti-Inflammatory Meal Plan for Insulin Resistance, Created by a Dietitian",0
MSN Money,0
é•·æœŸé‡‘åˆ©ä¸‹è½ã€ä¸€æ™‚0.725ï¼…,0
Potato2020's Profile | Animal Crossing: New Horizons (ACNH) (ACNH) | Nookazon,0
"ShÅgun Episode 5 review, ending explained",0
ãƒ¨ãƒ¼ãƒ­ãƒƒãƒ‘ã‚’ä¸­å¿ƒã«åºƒãŒã‚‹ã€Œå®‰æ¥½æ­»ã€åˆæ³•åŒ– ã€Œæ—¥æœ¬ã‚‚èªã‚ã‚ˆã€ã®ä¸»å¼µãŒæœ¬è³ªã‚’ã¨ã‚‰ãˆã¦ã„ãªã„ç†ç”±,0
Review: 'The Tiger's Wife' author TÃ©a Obreht is back with 'magical' 'The Morningside',0
Â¡Sorpresa! Popular exanalista de TUDN se une a campaÃ±a de Sheinbaum con Morena,0
Zapalenie opon mÃ³zgowych u dzieci i dorosÅ‚ych Å‚atwo pomyliÄ‡ z grypÄ…. ZwrÃ³Ä‡ uwagÄ™ na te objawy,0
"karasuno, nekoma, Fukurodani / ã€å†è²©ã€‘ãƒ‡ãƒƒãƒ‰ã‚ªã‚¢ãƒ‰ãƒ©ã‚¤ãƒ–å†éŒ² - pixiv",0
Request unsuccessful. Incapsula incident ID: 76000400275654444-183021677612632584,0
Aloe Vera fÃ¼r die Haare,0
7O3X Fastest Finger First (2017) Season 1 Streaming: Watch & Stream Online via Crunchyroll,0
Kyle Lowry leads Philadelphia 76ers past Miami Heat,0
TextTwist,0
æ¬¡ç”·ãã‚“ã«ã€Œãƒã‚°ã•ã‚ŒãŸã¾ã¾å¯è½ã¡ã€ã—ã¦ã—ã¾ã†çŠ¬ æœ¬å½“ã®â€œå…„å¼Ÿâ€ã®ã‚ˆã†ãªå§¿ã«ã€Œå°Šã™ãã¾ã™ã€ã€Œç›¸æ€ç›¸æ„›ã€,0
How to Clean an Iron So It Doesnâ€™t Damage Your Clothes,0
Revelan cuÃ¡ntas sentadillas hay que hacer por dÃ­a para aumentar los glÃºteos,0
Giants' Free Agency Haul Earn Favorable Grade from CBS Sports,0
"Naveen Vemuri: The Tech Maestro Driving the Future with AI, Cloud, and DevOps",0
æ–°NISAã§ä½•ã‚’ã©ã†è²·ã†ï¼Ÿ ãƒ—ãƒ­ã«èãã€ã‚¿ã‚¤ãƒ—åˆ¥æ´»ç”¨ã‚¢ãƒ‰ãƒã‚¤ã‚¹ã€‚,0
"Abel/Abyss, Mashle yaoi / ã‚¢ãƒ™ã‚¢ãƒ“ / February 24th, 2024 - pixiv",0
Boeing sanctionnÃ© pour violation de la loi sur l'exportation d'armements,0
èµ¤è‰²ãŒå¥½ãï¼ï½œPicrew ã‚¹ãƒãƒ¼ãƒˆãƒ•ã‚©ãƒ³ã‚’ç¸¦å‘ãã«ã™ã‚‹ã‹ã€ ç”»é¢ã‚’åºƒãã—ã¦ãƒ—ãƒ¬ã‚¤ã—ã¦ä¸‹ã•ã„ã€‚,0
What? - 9GAG 9GAG,0
How To Style Black Sneakers For Any Occasion,0
"Public perception of police, downtown safety down, survey shows",0
How Efficient Is Each Type Of EV Charger?,0
"Uma Musume Pretty Derby, King Halo (Uma Musume), Seiun Sky (Umamusume) / ä¸€æµãƒ¡ã‚¤ãƒ‰ã‚­ãƒ³ã‚° - pixiv",0
Benesperi si ricandida. E oggi vertice del Cis,0
"The Must-Stop Restaurants in Portland, Maine, According to a Local Chef",0
FLUORESCENT ADOLESCENT TAB (ver 3) by Arctic Monkeys @ Ultimate-Guitar.Com,0
I wonder how the hypocrites will deal with this - 9GAG 9GAG,0
CÃ³mo dejar el azÃºcar: estas son sus alternativas mÃ¡s saludables,0
3 key things to consider when looking for an ethical ISA in the new tax year,0
ä»•äº‹ãŒãŸãã•ã‚“ã‚ã‚‹ã®ã«é›†ä¸­åŠ›ãŒç¶šã‹ãªã„â€¦ãã‚“ãªæ™‚ã«å½¹ç«‹ã¤ç”Ÿç”£æ€§å‘ä¸Šæ³•ã€Œã‚¹ãƒ—ãƒªãƒ³ãƒˆãƒ»ãƒ¡ã‚½ãƒƒãƒ‰ã€,0
JUST NU: PSG Ã¥tertar ledningen â€“ efter HÃ¤ckens press,0
oxhug.fun,0
"'I feel like I killed a child, and it was me.' I was victimized by gender transition",0
When is St. Patrick's Day 2024? History of the festive Irish celebration in the US.,0
OK,0
Request unsuccessful. Incapsula incident ID: 885001420168868690-125273209555985282,0
Hard Lessons Learned From Bikepacking Oregon Timber Trail,0
Home - Welcome to Windstream,0
"These Are The Jobs That Won't Survive Another Decade, According to Experts - Hello Hedgehog",0
Why Patriots' Draft Target Marvin Harrison Jr. Skipped Pro Day?,0
Masterchef Canada S04e09 - video Dailymotion Font,0
Second Grade - - Symbaloo Library,0
Man accused of killing family members in Bucks County faces charges in 2 states,0
"""There are no straight lines in nature"" Nature : - 9GAG 9GAG",0
Amazing Strange Rope Police game is free to play at GoGy,0
FrÃ¼hling zum Anziehen: Diese FarbtÃ¶ne sind frisch und modern fÃ¼r jedes Alter,0
æ¾å±±ã®æ©Ÿæ¢°éƒ¨å“è£½é€ æ¥­è€… ç´„ï¼‘å„„ï¼“ï¼ï¼ä¸‡å††ã®è² å‚µæŠ±ãˆç ´ç”£æ‰‹ç¶šãã¸ã€æ„›åª›ã€‘,0
"Kisah Pilu Anak Komeng Meninggal Dunia, Gara-Gara Tersedak Mi",0
"Cockney Rebel singer Steve Harley, who had a hit with 'Make Me Smile,' dies at 73",0
Everyone Loves Me Ep 17 Eng sub - video Dailymotion Font,0
Is It Safe To Use Resin To Hold Your Garden Stones In Place?,0
ã—ã„ãŸã‘ã¯ã˜ãã‚‚é£Ÿã¹ã‚‹ï¼Ÿã€Œé£Ÿã¹ã‚‹æ´¾ã€VSã€Œé£Ÿã¹ãªã„æ´¾ã€ã®ç†ç”±ã¯ï¼Ÿã—ã„ãŸã‘ä¸¸ã”ã¨ç¾å‘³ã—ãé£Ÿã¹ã‚‹ãƒ¬ã‚·ãƒ”ã‚‚ç´¹ä»‹ï¼,0
Esta es la mejor hora para ejercitarse caminando,0
GREEN EYES CHORDS by Erykah Badu @ Ultimate-Guitar.Com,0
The Magical Genie - Elon Musk's AI Prophecy,0
Geplatzte TrÃ¤ume bei Rheinmetall: Putin hatte deutschen Konzern mit Milliarden-Projekt beauftragt,0
WOTHAN THE BARBARIAN test 1 Please rotate your device,0
7 annoying things when building a PC,0
"After years of denials, Hunter Biden FINALLY acknowledged Joe was â€˜the big guyâ€™ in $5M China deal",0
ç–²ã‚Œã«ãã„é´ã«ã€è‚©ãŒç—›ããªã‚Šã«ãã„ãƒªãƒ¥ãƒƒã‚¯ï¼ï¼Ÿâ€œä½“æ¸©ã§æŸ”ã‚‰ã‹ããªã‚‹æ–°ç´ æâ€ã«å¤§æ³¨ç›®,0
5 Essential Items From Cult-Favorite Brand The Row,0
Eben Etzebeth to take charge of Sharks â€˜physical departmentâ€™ in search of better form,0
Â¿QuÃ© es ser FURRY realmente? Esto debes saber para impresionar en la prÃ³xima reuniÃ³n con amigos,0
Doskozil-Ansage â€“ er rÃ¤t Alt-Kanzler zu Parteiaustritt,0
32 royal family traditions you may not have known about,0
"#sakura haruno Drawings, Best Fan Art on pixiv, Japan",0
å¤©æ°— icon_close weather/button/furuyamu/radar,0
ã€Œãƒ¢ãƒ©ãƒ«ãŒä½ã„ã‘ã©å„ªç§€ãªäººã€ã¨ã€Œå®ŸåŠ›ä¸è¶³ã ã‘ã©èª å®Ÿãªäººã€â€¦â€¦ã©ã£ã¡ãŒä¸Šã«ç«‹ã¤ã¹ãï¼Ÿ,0
"â€œâ€˜We are the flame,â€™ they cry, â€˜and darkness fears us!â€™â€ - 9GAG 9GAG",0
Klovn - s04 e01 - Unge Hjerter - video Dailymotion Font,0
Five Women Empowering New Ways to Escape,0
â˜° Prev Next page âœ,0
"Manitoba NDP government, PCs finger-pointing over health-care worker recruitment program",0
"#gay Novels, Japanese Works on pixiv, Japan",0
Request unsuccessful. Incapsula incident ID: 885001420168868690-208290512161284999,0
Mainkan game di browser Anda | Game dari Microsoft Start,0
Familie versteigert Michael Schumachers Luxusuhren,0
"Giyuu x Sanemi, Demon Slayer: Kimetsu no Yaiba / ãŠé¡Œã€Œè„ˆã‚ã‚Šã€ / March 14th, 2024 - pixiv",0
Housebuilder provides â€˜Pick Me Upâ€™ In Kettering,0
à¤¥à¥€à¤® à¤†à¤£à¤¿ à¤¸à¥à¤ªà¥‡à¤¶à¤² à¤¡à¥à¤°à¥‡à¤¸ à¤•à¥‹à¤¡;à¤…à¤¨à¤‚à¤¤-à¤°à¤¾à¤§à¤¿à¤•à¤¾à¤šà¥à¤¯à¤¾ à¤²à¤—à¥à¤¨à¤¾à¤¤ à¤ªà¤¾à¤¹à¥à¤£à¥à¤¯à¤¾à¤‚à¤¨à¤¾ à¤®à¤¿à¤³à¤£à¤¾à¤° à¤¯à¤¾ à¤–à¤¾à¤¸ à¤¸à¥à¤µà¤¿à¤§à¤¾,0
"Paramount to launch premium plans, ad-supported tier in global streaming expansion",0
"Bargarh, Odisha's monthly weather planner | MSN Weather â€Â°C No data available",0
Dan Schneider apologises for 'regretful' Nickelodeon behaviour,0
æ—¥æœ¬äººãŒçŸ¥ã‚‰ãªã„â€œå¤–å›½ç”£â€ã®ã‚½ãƒ¼ãƒ©ãƒ¼ãƒ‘ãƒãƒ«ã®ã€Œæœ¬å½“ã®å±é™ºæ€§ã€ã¨ã‚°ãƒªãƒ¼ãƒ³åŒ–ã®ç½  å…¬å®³ã‚’é˜²ããŸã‚ã«,0
Î’Î¿Ï…Î»Î®: ÎšÎ±Î²Î³Î¬Ï‚ Î’ÎµÎ»ÏŒÏ€Î¿Ï…Î»Î¿Ï… - Î”Î¿ÏÏÎ¿Ï… Î³Î¹Î± Ï„Î± Î±ÏƒÏ„Î±ÎºÎ¿ÎºÎ¬ÏÎ±Î²Î± Ï„Î¿Ï… ÎšÎ±ÏƒÏƒÎµÎ»Î»Î¬ÎºÎ·,0
The Weakerthans Chords & Tabs,0
Dublin riots: 34 people arrested after violent protests in city following stabbings,0
TheMainManSWE's Tekken 8 Tier List 1 out of 1 image gallery,0
'Neck snapping': Speaker Johnsonâ€™s latest 'flip flop' could kick shutdown down the road,0
"At Dell, those preferring to work from home will not be promoted. Here's what the company said",0
"NY AG Letitia James met with chorus of boos, â€˜Trumpâ€™ chants during FDNY ceremony speech",0
æŠ•è³‡ã®å‹ã¡çµ„ã«ãªã‚Œã‚‹ã‹ã©ã†ã‹åˆ†ã‹ã‚‹ã€Œ11ã®è³ªå•ã€ã€‚ç¨€ä»£ã®èµ·æ¥­å®¶ã€Œã‚¤ã‚¨ã‚¹ãŒï¼•å€‹ä»¥ä¸Šã‚ã£ãŸã‚‰ã€çµ¶å¯¾ã«æŠ•è³‡ã‚’å§‹ã‚ã¦ã¯ãªã‚‰ãªã„ã€,0
Aktor PRL umarÅ‚ w zapomnieniu. Jego grÃ³b jest kompletnie zniszczony,0
æ£®é¦™æ¾„ã€ãƒ‰ãƒ©ãƒã€ã‚ªãƒˆãƒŠã®æˆæ¥­ã€ã§åˆä¸»æ¼” å®šæ™‚åˆ¶é«˜æ ¡ã®æ•™å¸«å½¹,0
45ä¸‡äººãŒè¶³ã‚’é‹ã‚“ã å…¨å›½å‡±æ—‹ã€Œåºµé‡ç§€æ˜å±•ã€æœ€çµ‚ä¼šå ´ã¯åå¤å±‹å¸‚ 36ã¡ã®ã‚¨ãƒ´ã‚¡â€œç¬¬3æ‘â€ãƒŸãƒ‹ãƒãƒ¥ã‚¢ãªã©,0
Found her - 9GAG 9GAG,0
Shayne Gostisbehere Stats And News Skip to Main Content Close,0
Most actively traded companies on the Toronto Stock Exchange,0
Request unsuccessful. Incapsula incident ID: 885001420168868690-91304377636430721,0
Stuff,0
How Trader Joe's tote bags became an unexpected style symbol in Japan,0
ÙƒØ§Ù„Ø³Ù† Ø­ÙŠØ§Ø© Ø¨ÙŠÙ„Ø¯ÙŠØº ÙƒÙŠØ¨ÙŠ - Ø§Ù„Ø­Ù„Ù‚Ø© 19 - ÙÙŠØ¯ÙŠÙˆ Dailymotion Font,0
10 Things To Do In The Berkshires: Complete Guide To New England's Luxe Getaway Region,0
Ù„Ù„Ø±Ø¬Ø§Ù„.. Ù„Ù…Ø§Ø°Ø§ ÙŠØ¬Ø¨ Ø§Ù„Ø§Ø¹ØªÙ…Ø§Ø¯ Ø¹Ù„Ù‰ Ø§Ù„Ø¬Ø¨Ù† Ø§Ù„Ù‚Ø±ÙŠØ´ ÙÙŠ Ø±Ø­Ù„Ø© Ø¥Ù†Ù‚Ø§Øµ Ø§Ù„ÙˆØ²Ù†ØŸ,0
æ³¢ç‘ ã€ãƒ‹ãƒƒãƒˆï¼†ãƒ¡ã‚¬ãƒã®ãƒ¢ãƒãƒˆãƒ¼ãƒ³ç§æœã‚³ãƒ¼ãƒ‡ã«ã€Œç´ ã®æ³¢ç‘ ã¡ã‚ƒã‚“ç´ æ•µã€ã€Œãƒ¢ã‚³ãƒ¢ã‚³ã®å¸½å­ã‚«ãƒ¯ã‚¤ã‚¤ã€ã®å£°,0
ã€å¯¾ç¾©èªã‚¯ã‚¤ã‚ºã€‘åå¯¾ã®æ„å‘³ã‚’æŒã¤è¨€è‘‰ã‚ã‹ã‚Šã¾ã™ã‹ï¼Ÿï¼œVol.247ï¼,0
FOOLS GOLD CHORDS by One Direction @ Ultimate-Guitar.Com,0
ì„œìš¸ì— ì˜ëŒ€ì¦ì› 0ëª…..ë¹„ìˆ˜ë„ê¶ŒÂ·ê²½ì¸ ìœ„ì£¼ë¡œ ë°°ì •,0
Karadayi Capitulo 207 (Audio EspaÃ±ol) - VÃ­deo Dailymotion Font,0
ã€ŒNumber_iã€NHKã®éŸ³æ¥½ç•ªçµ„ã§ãƒ€ãƒ³ã‚¹ã‚’æŠ«éœ²â€¦æ—¥æœ¬äººã®ã€Œã‚¢ã‚¤ãƒ‰ãƒ«è¦³ã€ã‚’æ›¸ãæ›ãˆãŸã¨è©±é¡Œã«,0
WWE 2K24 review: Test your button-mashing might,0
'Rust' armorer Hannah Gutierrez-Reed guilty of involuntary manslaughter,0
50 general knowledge quiz questions and answers perfect for pub and home quizzes,0
Ø£Ø³Ø¨Ø§Ø¨ Ø§Ù„Ø³Ø¹Ø§Ø¯Ø©,0
Find the perfect players | Warcraft Logs,0
"#Leon/Raihan Novels, Japanese Works on pixiv, Japan",0
I kvÃ¤ll: Flera viltolyckor i lÃ¤net,0
Tan SaÄŸtÃ¼rk: â€˜Bir sanat kurumunun zarafetle yÃ¶netilmesi Ã§ok deÄŸerliâ€™,0
PATADAS DE AHOGADO ACORDES por LATIN MAFIA & Humbe @ Ultimate-Guitar.Com,0
How smart are you? These 12 logic puzzles are a tough mental workout,0
The Browser Home Page_Nox APP Player Load more...,0
Geheimer Klempner-Trick: Hausmittel macht verstopfte AbflÃ¼sse wieder frei,0
"Amber Alert Canceled, Missing Broward Baby Found",0
Mehrere Tote bei Angriff auf Zentralbank in Haiti,0
How to Grow & Care for Astilbe Plants: Everything from A to Z,0
Request unsuccessful. Incapsula incident ID: 1351001110115458658-104179753317505991,0
Erstes elektrisches Muscle-Car der Welt â€“ mit wahnwitzigem Technik-Feature,0
Oto typowe symptomy guza mÃ³zgu. Jak moÅ¼na rozpoznaÄ‡ obecnoÅ›Ä‡ tego nowotworu?,0
Why Lemon Juice Is The Essential First Step In Making Homemade Mayo,0
"Ici tout commence : Hortense en plein cauchemar, Mehdi assassine Teyssier (spoiler)",0
13 Ingredients That Are Even Better In Potato Salad Than Mayo,0
HAZBIN HOTEL - POISON CHORDS by Misc Cartoons @ Ultimate-Guitar.Com,0
"The Great Resignation has failed: Today, nobody dares to quit their job",0
Thought Neanderthals were stupid? Time for a rethink,0
Dark Side of the Ring Season 5 Episode 3 - video Dailymotion Font,0
Days of our Lives 3-15-24 Part 1 - video Dailymotion Font,0
Gil Cuerva wins gold at his first jiu-jitsu competition,0
ãƒªãƒ¼ã‚¬ãƒ«ãƒ»ãƒã‚¤ Legal High2 èƒœè€…å³æ˜¯æ­£ä¹‰2 SP part 2 - video Dailymotion Font,0
"Uma Musume Pretty Derby, Air Shakur (Uma Musume), Neo Universe (Uma Musume) / ğŸš€ğŸœ - pixiv",0
ã‚³ãƒ«ãƒ’ãƒãƒ³ã¯å¤‰å½¢æ€§é–¢ç¯€ç—‡ã®é€²è¡Œã‚’æŠ‘åˆ¶ã™ã‚‹ï¼Ÿ,0
Here's How Often You Should Mop Your Hardwood Floors,0
"Uma Musume Pretty Derby / ã¨ã£ã¦ã‚‚å¼·ã„ãƒˆãƒ©ãƒ³ã‚»ãƒ³ãƒ‰ / March 19th, 2024 - pixiv",0
Blockbuster Trade Idea Sends SF Giants $14 Million Gold Glove Shortstop,0
"""Ã‡a m'a traversÃ© l'espritâ€¦"" : ce mÃ©tier que Cyril Hanouna aurait pu exercer (ZAPTV)",0
Sebi's exemption to ease compliance burden for FPIs,0
ç«¯ä¸˜ - pixiv,0
Chelsea vs Celtic tickets on sale for friendly at Notre Dame,0
91-104. Los Pelicans abruman a los Nets y amenazan a los Clippers,0
"original, original bl, long tongue / ã€å‰µä½œBLã€‘äººå¤–ã¨äººå¤–ã¨ãŠä»˜ãåˆã„ã—ãŸã„äººé–“ã®è©±ã€äººå¤–BLã€‘ - pixiv",0
ã€Œãªãœã‹ãƒ€ã‚µãè¦‹ãˆã¦ã—ã¾ã†ç”·ã®ãƒ•ã‚¡ãƒƒã‚·ãƒ§ãƒ³ã€ã«å®Ÿã¯å…±é€šã™ã‚‹3ã¤ã®NGãƒã‚¤ãƒ³ãƒˆ,0
ã€50ä»£å‰å¾Œã‹ã‚‰å§‹ã¾ã‚‹ã€Œè†ç—›ã€ã®åŸå› ã¨äºˆé˜²ç­–ã€‘è†ã®ä¼¸å±•å‹•ä½œã‹ã‚‰è†é–¢ç¯€ã‚’å®ˆã‚‹ã€Œé–¢ç¯€ã‚µãƒãƒ¼ãƒˆãƒˆãƒ¬ã€,0
å—é¨“å‹‰å¼·ã¨åŒã˜æ–¹æ³•ã¯ï½¢äººç”Ÿï½£ã«ã¯é€šç”¨ã—ãªã„ã®ã«â€¦è½ã¡ã“ã¼ã‚ŒãŒãŸã¾ãŸã¾å…¥ã£ãŸåŒ»å­¦éƒ¨ã§è¦šãˆãŸå¼·çƒˆãªé•å’Œæ„Ÿ,0
Birling Gap: Fire lit on beach at base of crumbling cliff,0
BLESSED ASSURANCE CHORDS by Misc Praise Songs @ Ultimate-Guitar.Com,0
å¾…ã£ã¦ãŸï¼ã€ã‚»ãƒªã‚¢ã€‘ã€ŒãƒŸãƒ«ã‚­ãƒ¼ãªã‚°ãƒ¬ãƒ¼ã‚¸ãƒ¥ãŒã‹ã‚ã„ã™ãã‚‹ã€ã€Œå°‚ç”¨ã‚±ãƒ¼ã‚¹!?ã€ã‚ã¡ã‚ƒã‹ã‚æ¨ã—ã‚¢ã‚¤ãƒ†ãƒ ,0
"""ã‚¤ã‚±ãƒ¡ãƒ³å¤«ã¨ã‚´ãƒªãƒ©å¦»ãƒ•ã‚¡ãƒŸãƒªãƒ¼""/""ä¼Šé”ã—ã®ã¶"" Series [pixiv]",0
iPhone 15 review: Straightforward excellence,0
CÃ¡rcel a hombre que habrÃ­a asesinado a su madrastra y suegra porque su hija le terminÃ³,0
"16 Chicago restaurants visited by Guy Fieri on â€˜Diners, Drive-Ins, and Divesâ€™",0
â€˜Dune: Parte Dosâ€™ supera a la primera pelÃ­cula en taquilla con unas cifras impresionantes,0
90 Day Fiance couple prove the show creates happy families after 'biggest blessing',0
This U.S. City Is the No. 1 Choice Among Baby Boomers for Retirement,0
å…¨é•·4.1mã®ã‚¸ãƒ¼ãƒ—æœ€å°ã‚³ãƒ³ãƒ‘ã‚¯ãƒˆSUV æ–°å‹ã€Œã‚¢ãƒ™ãƒ³ã‚¸ãƒ£ãƒ¼ã€ã«ç¬¬3ã®ãƒ¢ãƒ‡ãƒ«ã€Œeãƒã‚¤ãƒ–ãƒªãƒƒãƒ‰ã€ãŒæ¬§å·ã§ç™»å ´ æ—¥æœ¬ã§ã‚‚é–“ã‚‚ãªããŠæŠ«éœ²ç›®!?,0
Sweden to officially become NATO member: Date announced,0
Was wird der SNB-Entscheid daran Ã¤ndern?: Hypothekarzinsen steigen auf Jahreshoch,0
Farid-Duble-223 - video Dailymotion Font,0
"Getakichi/Mizuki, Kitarou/Mizuki, GeGeGe no Kitaro yaoi 10000+ bookmarks / ã‚²ã‚¿æ°´3 - pixiv",0
DMK files complaint with ECI against Shobha Karandlaje for 'Tamil Nadu people plant bomb' remark,0
Weitverbreiteter Irrglaube: Schimmel bei Marmelade und Obst nicht einfach wegschneiden,0
Pirates expect â€˜difficultâ€™ match against Usuthu,0
"DoorDash, Uber Eats â€” and Tony",0
Pistons Sign Chimezie Metu To 10-Day Deal,0
CYè³å·¦è…•ã‚¹ãƒãƒ«ã€å¤§è°·ç¿”å¹³ã¨åŒåœ°åŒºã‚¸ãƒ£ã‚¤ã‚¢ãƒ³ãƒ„ã¸ 253å„„å††ã‚’æ‹’å¦ã‚‚â€¦2å¹´92å„„å††ã§åˆæ„,0
Voter turnout down for 2024 Primary in central Illinois,0
Â¿Es saludable comer brÃ³coli cuando estÃ¡ amarillo?,0
What Is Loro Piana and What Makes It One of the Best "Quiet Luxury" Brands?,0
La green omelette : voici une recette saine et simple dâ€™une nutritionniste pour se faire plaisir !,0
Â¿CuÃ¡nto tiempo deberÃ­as pasar con tu pareja?,0
Descubre los asombrosos beneficios semanales de practicar pilates para una vida saludable y activa,0
Ù…Ø¬Ù„Ø³ Ø§Ù„Ø¹Ù…ÙˆÙ… Ø§Ù„ÙƒÙ†Ø¯ÙŠ ÙŠØµÙˆØª Ø§Ù„Ø§Ø«Ù†ÙŠÙ† Ø¹Ù„Ù‰ Ø§Ù‚ØªØ±Ø§Ø­ ÙŠØ¯Ø¹Ù… Ø¥Ù‚Ø§Ù…Ø© Ø¯ÙˆÙ„Ø© ÙÙ„Ø³Ø·ÙŠÙ†ÙŠØ©,0
ãƒ–ãƒƒã‚¯ç½®ãå ´ï¼‘ æºå¸¯ï¾ï½°ï¾‘ï¾ï¾Ÿï½°ï½¼ï¾ ï¾Œï½«ï¾šï½½ï¾„ ãƒ–ãƒƒã‚¯ç½®ãå ´ï¼‘ ï¾Œï¾ï½¯ï½¸ï¾ï½°ï½¸ | æ•™ãˆã‚‹ è¨ªå•è€…42383äººç›® Â©ãƒ•ã‚©ãƒ¬ã‚¹ãƒˆãƒšãƒ¼ã‚¸,0
Votre horoscope gratuit signe par signe du 9 au 15 mars 2024 par Christine Haas,0
Comment enlever des taches sur du bois ?,0
Investigation underway after person found dead inside Mass. home,0
"Ah, women, you magificent beasts - 9GAG 9GAG",0
He should see a doctor - 9GAG 9GAG,0
The historic Charnley-Norwood House has survived destruction twice. What is its secret?,0
ì™„ë²½í•œ íë§ì„ ì¦ê¸¸ ìˆ˜ ìˆëŠ” ë©‹ì§„ ëª©ì¡°ì£¼íƒ,0
Lola CortÃ©s a punto de vencer el cÃ¡ncer de mama: su Ãºltima cirugÃ­a fue un Ã©xito,0
The Right Way to Order a Martini? With a Snack,0
åå– - pixiv,0
Fast-Growing Pizza Chain Slice House Plans to Open Nearly a Dozen New Locations,0
PapÃ¡s compartieron las historias que sus hijos les contaron de sus vida pasadas,0
Macon Telegraph,0
Share some of the best paused moments in movies. - 9GAG 9GAG,0
Ruya / Dream - Episode 1 (English Subtitles) - video Dailymotion Font,0
US-Quoten: FBI-Franchise bleibt stabil bei CBS,0
Pakistan zbombardowaÅ‚ cele w Afganistanie,0
5 Worst Disney Rides You Should Skip,0
Mike Tyson vs Jake Paul fight announced for live Netflix boxing event,0
Pergunte aos profissionais de saÃºde,0
ÙƒÙŠÙ ØªØªØ¹Ø§Ù…Ù„ÙŠÙ† Ù…Ø¹ Ø·ÙÙ„Ùƒ Ø¥Ø°Ø§ Ø§Ø³ØªØ®Ø¯Ù… Ø§Ù„Ù†Øª Ù„Ù„Ø¨Ø­Ø« Ø¹Ù† Ù…Ø­ØªÙˆÙ‰ Ø³ÙŠØ¦ØŸ,0
Diet Plans and more,0
NI health: 'My father's care during covid was negligent',0
Post-Tribune,0
Spicy Refried Beans Ready in Under 20 minutes,0
BLOOM CHORDS (ver 3) by The Paper Kites @ Ultimate-Guitar.Com,0
UK military would remain in independent Scotland for 20 years,0
"Oil prices rise more than 1% on Fed rate cut outlook, signs of rising gasoline demand",0
Ø§Ù„Ù†ÙØ· ÙŠØªØ±Ø§Ø¬Ø¹ Ù…Ù† Ø£Ø¹Ù„Ù‰ Ù…Ø³ØªÙˆÙŠØ§ØªÙ‡ ÙÙŠ Ø£Ø´Ù‡Ø± ÙˆÙ‚ÙˆØ© Ø§Ù„Ø¯ÙˆÙ„Ø§Ø± ØªØ¶Ø¹Ù Ø§Ù„Ø·Ù„Ø¨,0
ã€Œæ—¥æœ¬ã§ã¯ã‚¹ãƒˆãƒ©ã‚¤ã‚«ãƒ¼ã«â€¦ã€é¹¿å³¶ã®æ–°åŠ©ã£äººãƒãƒ£ãƒ´ãƒªãƒƒãƒãŒæ„Ÿã˜ãŸæ¬§å·ã¨Jãƒªãƒ¼ã‚°ã®é•ã„ã€Œã¾ã å‘ä¸Šã®ä½™åœ°ã¯ã„ã£ã±ã„ã‚ã‚‹ã€,0
"La premiÃ¨re vie de l'Univers, apparue immÃ©diatement aprÃ¨s le Big Bang ?",0
Novartis va por el mercado de la medicina cardiovascular en MÃ©xico,0
Estos son los mejores ejercicios para las personas que sufren sobrepeso,0
"Tournament Challenge guide to team mascots, school colors and famous alumni",0
ã‚¦ã‚¯ãƒ©ã‚¤ãƒŠé¦–ç›¸ã€ååˆ†ãªå¼¾è–¬ç¢ºä¿ã«æœŸå¾… 4æœˆã¾ã§ã«,0
é¹¿å…å³¶çœŒã®å¥³æ€§ç®¡ç†è·ãŒéå»æœ€é«˜ã®14ï¼…ã« éƒ¨é•·ç´š3äººã€æ¬¡é•·ç´š8äºº 4æœˆ1æ—¥ä»˜äººäº‹ç•°å‹•,0
Top 5 K-Pop Soloists that People Rave About Worldwide,0
Strike ballot called at JLR supplier in pay row,0
"2p6X ç¸®å½±ç‰‡ URL Shortener - neya.io neya.io Simple, Fast, Safe, Private URL Shortener",0
"yuri, original yuri, creation / ã€å‰µä½œç™¾åˆã€‘ãƒ›ãƒ¯ã‚¤ãƒˆãƒ‡ãƒ¼ã®ãŠè¿”ã—ã«å›°ã£ã¦ã‚‹ç‹å­æ§˜ç³»å¥³å­ - pixiv",0
15 Things Women Will Always Notice About A Man - Relationship Surgery,0
Avowed's Aumaua Race Explained,0
Gelder abgezweigt: Buchhalterin wollte Mann Luxus gÃ¶nnen,0
WILDEST DREAMS CHORDS by Taylor Swift @ Ultimate-Guitar.Com,0
"Mega Millions numbers Tuesday, March 12: Did anyone win the lottery jackpot last night?",0
What is digital self-harm?,0
Birkenstock shares slide 8% after sandal maker posts loss in its second report as public company,0
El sutil sÃ­ntoma de que estÃ¡s sufriendo un infarto y que la gente suele ignorar,0
Vaginal birth and Caesarean: Differences in babies' bacteria,0
æ—¥å¤§ä¸‰å³¶ãƒ»ç«¹ç”°çš“æ™´ã€ï¼‘å¹´å¤ã«è–åœ°ãƒã‚¦ãƒ³ãƒ‰ã‚‚ãƒ¡ãƒ³ãƒãƒ¼å¤–ãªã©ã€Œæ‚”ã—ã„æ€ã„æ™´ã‚‰ã—ãŸã„ã€åˆæˆ¦å°å±±æˆ¦,0
Oregon Trail Chili Skip to Main Content,0
North Korea: Rare footage shows teens sentenced to hard labour over K-drama,0
Explore Clever Space-Saving Furniture Ideas For Small Living Areas,0
Jeremy Renner Shares Health Update After Snowplow Accident,0
Virat Kohli sends a message to Royal Challengers Bangalore fans: â€˜I will always be hereâ€¦â€™,0
arthur the king trailer song - video Dailymotion Font,0
US farms are increasingly reliant on contract workers who are acutely exposed to climate extremes,0
Why The Shelby Series 1 Is An Underappreciated Muscle Car Icon,0
Horningsea hit-and-run sees motorcyclist taken to Addenbrookeâ€™s Hospital with serious injuries,0
Request unsuccessful. Incapsula incident ID: 885001420168868690-208080067353715591,0
Jay Idzes Tak Peduli Sindiran Pemain Vietnam yang Sebut Indonesia Rasa Belanda,0
"Monatlicher Wetterplaner fÃ¼r Palermo, Sizilien | MSN Wetter â€Â°C Keine Daten verfÃ¼gbar",0
Apakah MU Akan Melepas Marcus Rashford ke PSG? Ini Jawaban Erik ten Hag,0
3 Reasons Why Women Save Less for Retirement,0
Een Zorgplan Dat Uw Arts Doorgaans Zou Aanraden Voor Longemfyseem,0
ã€Œå¦»å€™è£œã¨ã—ã¦åˆæ ¼ï¼ã€ã“ã¡ã‚‰ã‚’è©¦ã—ã¦ãã‚‹40ä»£çµŒå–¶è€…ï¼è‡ªå·±è‚¯å®šæ„ŸãŒä½ã„ã®ã§äººç”Ÿãƒªãƒãƒ™ã—ã¾ã™,0
å…«å·ãŒãƒ—ãƒ­åˆV 3äººã—çƒˆãƒ—ãƒ¬ãƒ¼ã‚ªãƒ•åˆ¶ã—ãŸ ãƒˆãƒ©ã‚¤ã‚¢ãƒ«ãƒ»æ±æ€¥å¤§åˆ†ã‚ªãƒ¼ãƒ—ãƒ³,0
"Kitarou Tanjou: Gegege no Nazo, The Mystery of Gegege, Gegerou / å¹¸é‹EXï¼‹ï¼‹ï¼‹ãƒãƒ‡ã‚£ã«ã‚ˆã‚‹å“­å€‰æ‘RTAâ‘¯ - pixiv",0
Ø·Ø±ÙŠÙ‚Ø© Ø¹Ù„Ø§Ø¬ Ø§Ù„ÙƒÙ‡Ø±Ø¨Ø§Ø¡ Ø§Ù„Ø²Ø§Ø¦Ø¯Ø© ÙÙŠ Ø§Ù„Ø¬Ø³Ù… Ø¨Ø§Ù„Ø£Ø¹Ø´Ø§Ø¨,0
La â€˜fugaraciaâ€™ rinviata per il maltempo,0
"Family in mourning after deadly shooting, robbery in Scranton",0
"Uma Musume Pretty Derby, yuri / éƒ½ç•™å²ã•ã‚“ã¨ã‚½ãƒãƒ³ã‚¨ãƒ«ãƒ•ã‚£ãƒ¼ã®é–¢ä¿‚å¥½ã / March 10th, 2024 - pixiv",0
Tech Workers Confront â€œsense of impending doomâ€ as Layoffs Hit Highest Levels Since Dot-Com Crash,0
XV de France: premiÃ¨re "contrariÃ©e" pour Le Garrec et Tuilagi,0
YAMAHAã£ã¦å®Ÿã¯æœ¬æ°—ã§ã‚²ãƒ¼ãƒãƒ¼ã®äº‹ã‚’è€ƒãˆã¦ã„ã‚‹ã‚“ã§ã™â€•â€•YAMAHAæ–°è£½å“å†…è¦§ä¼šãƒ¬ãƒãƒ¼ãƒˆ,0
æŒã¡æ­©ãã«ä¾¿åˆ©ãªãƒ¢ãƒã‚¤ãƒ«ãƒ˜ã‚¢ã‚¢ã‚¤ãƒ­ãƒ³ã€ãƒ†ã‚¹ã‚³ãƒ ã‹ã‚‰,0
La Esposa Joven - CapÃ­tulo 99 - VÃ­deo Dailymotion Font,0
Actress Tina Malone â€˜totally devastatedâ€™ by husbandâ€™s death,0
å…¨å›½åŒ»å­¦éƒ¨æ•™æˆå´ãŒè¬ç½ªã€Œå›½æ°‘ã®æ€’ã‚Šæ„Ÿã˜ãŸã€ æœˆå†…ã®è§£æ±ºæ±‚ã‚ã‚‹ï¼éŸ“å›½,0
Powerball results: Lucky Australian wins $40million - check your numbers,0
5 things to take out of a living room for a more minimalist space,0
Hereâ€™s a look at Boise Stateâ€™s nine appearances in the NCAA Tournament,0
Peacock Streaming Deals: See The Updated Offers,0
à¸§à¸´à¹€à¸„à¸£à¸²à¸°à¸«à¹Œà¸«à¸¸à¹‰à¸™à¸£à¸²à¸¢à¸•à¸±à¸§ : à¸šà¸¥.à¸à¸£à¸¸à¸‡à¸¨à¸£à¸µ DELTA - à¹à¸™à¸§à¹‚à¸™à¹‰à¸¡à¸à¸²à¸£à¹€à¸•à¸´à¸šà¹‚à¸•à¹„à¸¡à¹ˆà¸ªà¸­à¸”à¸„à¸¥à¹‰à¸­à¸‡à¸à¸±à¸šà¸£à¸²à¸„à¸²à¸«à¸¸à¹‰à¸™,0
La maternitÃ  non Ã¨ un dovere ma il tempo non Ã¨ infinito,0
Ø¹Ù„Ø§Ø¬Ø§Øª Ø£ÙƒÙŠØ¯Ø© Ù„Ù„Ø³Ù…Ù†Ø©,0
Â¿Tienes apps antiguas que no usas en tu celular? Por esta razÃ³n podrÃ­an espiarte,0
Ex-cop punched inspector he caught having sex with his wife outside Screwfix,0
How Fast Does A Boeing 747 Go?,0
å·æ „æå¥ˆï¼†ç¦åœ°æ¡ƒå­â€œæ–°ãƒ»åƒå°‹å½¹â€åˆæ ¼å¾Œä¸å®‰ã«ãªã£ãŸç†ç”± èˆå°ã€Œåƒã¨åƒå°‹ã®ç¥éš ã—ã€ã‚ªãƒ¼ãƒ‡ã‚£ã‚·ãƒ§ãƒ³å›é¡§,0
Former TV47 Presenter Lands New Job with International Media Company,0
"Das eine Kleid, das Ã¼40-Frauen im FrÃ¼hling 2024 shoppen",0
Jak dlouho dusit drÅ¯beÅ¾Ã­ jÃ¡tra? OdpovÃ­dÃ¡me na ÄastÃ© dotazy zaÄÃ¡teÄnÃ­kÅ¯,0
Wild 'super pigs' from Canada could become a new front in the war on feral hogs,0
Best Wrestling Games On The PS2,0
6 Tips Ganti Karir yang Tepat,0
Dazzling Puzzle Platformer Animal Well Gets PS5 Release Date,0
Article 23: Hong Kong passes tough security law fought by protesters for years,0
My husband wonâ€™t lift a finger to help me. Should I stay or go?,0
Typing Lessons | LESSON 13: NUMBER PRACTICE - Typing.com,0
æ—¥æœ¬äººãŒæŒã¤ï½¢å¤ªã‚Šã«ãããªã‚‹èŒï½£åŠ¹æœãŒå‡ºã‚‹é£Ÿå“ æœ€æ–°èª¿æŸ»ã§ã‚ã‹ã£ãŸï½¢æ—¥æœ¬äººã¨ã‚„ã›èŒï½£ã®é–¢ä¿‚,0
Couple hoping for â€˜miracleâ€™ after losing new engagement ring while out celebrating in Dublin,0
Promi Big Brother Staffel 2019 Folge 11 streamen,0
La Pagina de Alvaro Mendez,0
ï½¢è¾ã‚ã‚‰ã‚Œã¦ã‚‚å›°ã‚‰ãªã„éƒ¨ä¸‹ï½£ãŒæŠ±ãˆã‚‹é‡å¤§ãªå•é¡Œ æ•™è‚²ã‚³ã‚¹ãƒˆãŒã‹ã‹ã‚‹è‹¥è€…ã‚’æ¡ç”¨ã—ãŸããªã„æœ¬éŸ³,0
Trillions of gallons have soaked California. Is this the state's wettest winter ever?,0
Request unsuccessful. Incapsula incident ID: 1538000720089426767-156815810197852685,0
ä¸­å°ä¼æ¥­ã§ãªãœå®Ÿç¾ï¼Ÿçµ¦æ–™â€œæœˆ2ä¸‡å††â€ã‚¢ãƒƒãƒ—ã®ä»•çµ„ã¿,0
ØªØµÙÙŠØ§Øª Ø¢Ø³ÙŠØ§ Ø§Ù„Ù…Ø¤Ù‡Ù„Ø© Ù„ÙƒØ£Ø³ Ø§Ù„Ø¹Ø§Ù„Ù… 2026 ØªØµÙÙŠØ§Øª ÙƒØ£Ø³ Ø§Ù„Ø¹Ø§Ù„Ù…: Ø¢Ø³ÙŠØ§: 21 Ù…Ø§Ø±Ø³ 2024 - ØªØ§ÙŠØ¨ÙŠÙ‡ Ø¶Ø¯ Ù‚ÙŠØ±ØºÙŠØ²Ø³ØªØ§Ù†,0
æ¼«ç”»ç´ æå·¥æˆ¿ - pixiv,0
18-JÃ¤hriger sticht jungen Mann in Favoriten nieder,0
ChÃ¡y cá» khÃ´ lÃ m thiÃªu rá»¥i nhÃ  xÆ°á»Ÿng sáº£n xuáº¥t á»Ÿ Äá»“ng Nai,0
Request unsuccessful. Incapsula incident ID: 1342001170081366602-205075312558349645,0
Frightening levels of incest exposed in US DNA tests,0
à¹‚à¸ˆà¸£ à¸šà¸¸à¸à¹€à¸”à¸µà¹ˆà¸¢à¸§ à¸ˆà¸µà¹‰à¹€à¸ˆà¹‰à¸²à¸‚à¸­à¸‡à¸£à¹‰à¸²à¸™à¹‚à¸Šà¸«à¹ˆà¸§à¸¢ à¸«à¸§à¸±à¸‡à¸Šà¸´à¸‡à¸—à¸­à¸‡à¹à¸•à¹ˆà¹„à¸¡à¹ˆà¸ªà¸³à¹€à¸£à¹‡à¸ˆ à¸ªà¸¸à¸”à¸—à¹‰à¸²à¸¢à¸‚à¸µà¹ˆà¸¡à¸­â€™à¹„à¸‹à¸„à¹Œ à¹€à¸œà¹ˆà¸™à¸«à¸™à¸µ,0
Î¤Î± 4 super ÏƒÎ½Î±Îº Î¼Îµ Ï†Ï…Ï„Î¹ÎºÎ­Ï‚ Î¯Î½ÎµÏ‚ Î³Î¹Î± Î¬Î¼ÎµÏƒÎ· Î±Ï€ÏÎ»ÎµÎ¹Î± Î²Î¬ÏÎ¿Ï…Ï‚,0
Request unsuccessful. Incapsula incident ID: 1352001080072386471-121809516030860044,0
SI Golf Ranks Its Top 36 PGA Tour Players Who Should Get Equity Shares,0
CAN I CALL YOU ROSE CHORDS by Thee Sacred Souls @ Ultimate-Guitar.Com,0
Request unsuccessful. Incapsula incident ID: 1404000050065442746-119478972290171212,0
Who Is Konstantin Nikolaev? Putin Ally Behind Mike Johnson Campaign Donation,0
UPS: How to set up package delivery notifications,0
Ø·Ø±ÙŠÙ‚Ø© Ø´ÙˆØ±Ø¨Ø© Ø¹Ø¯Ø³ Ù…Ø§Ø¬ÙŠ,0
"Gartic Phone - The Telephone Game 1/0 HEY, IT'S TIME TO DRAW! Done!",0
æ±äº¬å††ã€ï¼‘ï¼éŠ­ç¨‹åº¦å®‰ã®ï¼‘ãƒ‰ãƒ«ï¼ï¼‘ï¼”ï¼™å††å°å‰åŠâ€¦æ—¥éŠ€ã®é‡‘èæ”¿ç­–ç™ºè¡¨ã«ã‚‰ã¿æ§˜å­è¦‹ã‹,0
"4 red flags to watch out for before signing any job contract, say employment lawyers",0
Simpler Trick: Ãœberraschende Zutat macht dein RÃ¼hrei viel besser,0
Psycho : 5 signes qui montrent que vous souffrez de la peur de lâ€™abandon,0
Golden era of RTS games - 9GAG 9GAG,0
Oyuncu Yasemin Allen gÃ¶nlÃ¼nÃ¼ eski FBI Ã§alÄ±ÅŸanÄ± Erdal Kayaâ€™ya kaptÄ±rdÄ±! â€˜Ä°lk defa onay veriyorumâ€™,0
"Kaseifu no Mita - å®¶æ”¿å©¦ã®ãƒŸã‚¿ - I'm Mita, Your Housekeeper - English SUB - E10 - video Dailymotion Font",0
"Yakutsk, Sakha konumunda aylÄ±k hava durumu planlayÄ±cÄ±sÄ± | MSN Hava Durumu â€Â°C Veri yok",0
SUPER ADA CAP 39 - VÃ­deo Dailymotion Font,0
Chipotle's 50-for-1 stock split mirrors Walmart,0
I tested Sennheiser's new flagship earbuds and my favorite songs never sounded better,0
Kings Turcotte Injured vs Blackhawks,0
I Live in Ohio. How Can I Avoid Probate?,0
Fragen Sie AngehÃ¶rige der Gesundheitsberufe,0
5 big signs it's time to open a CD,0
Home and Away 6751 13th October 2017 HD - video Dailymotion Font,0
Dia do tomate: como fazer o molho de tomate perfeito?,0
CrowdStrike (CRWD) Boosts Falcon XDR Platform With NVIDIA's AI,0
èª­ã¿è¾¼ã¿ä¸­â€¦,0
Marjorie Taylor Greene files criminal complaint against Fulton DA Fani Willis,0
Menopause needs a societal rethink,0
Comment lire un compteur d'eau ?,0
'I didn't buy anything for 100 days' â€“ 5 tricks I used to make my home look better without spending,0
"Itâ€™s the Christian Horner paradox: F1 is now hideously dull, but the drama has never been better",0
Hacen gran homenaje a Akira Toriyama en estadio de fÃºtbol,0
5 Android Apps To Find Coupons And Online Shopping Deals,0
é£Ÿå™¨æ´—ã„ã®ãƒ†ãƒ³ã‚·ãƒ§ãƒ³ãŒä¸ŠãŒã‚‹ï¼ ãƒ™ãƒ«ãƒ¡ã‚¾ãƒ³ã®ã€Œé£Ÿå™¨æ´—å‰¤ãƒœãƒˆãƒ«ã€,0
Toni Townes-Whitley says don't celebrate that she is one of two Black female Fortune 500 CEOs,0
blitz-app v2.1.146-ota.0,0
æ–°ç”Ÿãƒ»æµ¦å’Œã®æ”¹å–„ç‚¹ã¯ã€Œåˆ‡ã‚Šæ›¿ãˆã®ç¬é–“ã€ ãƒ˜ã‚°ãƒ¢ç›£ç£ãŒæŒ™ã’ãŸã€Œè„…å¨ã‚’ä½œã‚‹ã€ãƒã‚¤ãƒ³ãƒˆ,0
"NAKAMARRA CHORDS by Hiatus Kaiyote for guitar, ukulele, piano at Ultimate-Guitar",0
ã‚«ãƒ¼ã‚·ã‚§ã‚¢ãƒªãƒ³ã‚°å¸‚å ´ã€å­è‚²ã¦ä¸–å¸¯ã®åˆ©ç”¨æ„å‘ã¯21ï¼…ã«,0
Manchester City zieht souverÃ¤n ins Pokal-Halbfinale ein,0
Speedhive,0
Alton Brown's Trick For Flattening Burger Meat And Maintaining Structure,0
Dealing with ulcerative colitis? Doctor shares tips to help manage symptoms.,0
Cast-Iron Casserole Skip to Main Content,0
Leer Hoe U Schimmel Kunt Voorkomen,0
Strong Tensioning Jaw for Canvas/ other thin objects! by MeisterEdel - Thingiverse,0
swpixgame.com .com Privacy Policy Terms of Service,0
Impress Your Interviewer With These 10 â€˜Why Should We Hire You?â€™ Answers,0
Pedestrian Auriol Grey jailed over Huntingdon cyclist death,0
4 Observations: Michigan State falls to Purdue in Big Ten Tournament quarterfinals,0
Hub Group to conduct a 2-for-1 stock split,0
"Ancient 15,000-Year-Old Viruses Seen in Melting Tibetan Glaciers",0
"Dominoâ€™s Pizza Stock (NYSE:DPZ): Rising Crust, Rising Profits",0
7 Surprising Triggers of Everyday Grief,0
Estudo aponta grupo de alimentos que reduzem risco de diabetes tipo 2,0
La DerniÃ¨re Victime | Film Complet en FranÃ§ais | Thriller - VidÃ©o Dailymotion Font,0
ìœ ëª… DJë¼ë˜ ê°•ë‚¨ ìŒì£¼ ìš´ì „ì ì´ ì‚¬ëŒ?â€¦ í™ˆí˜ì´ì§€Â·ì¸ìŠ¤íƒ€ ì¦ë°œ,0
Typing Lessons | High Frequency Words - Typing.com,0
Family friend remembers San Antonio family that died in house fire,0
Wake schools want to avert tragedies by asking parents to safely store their guns,0
"horse girl, Uma Musume Pretty Derby, Smart Falcon (Uma Musume) / ã€ã‚¦ãƒå¨˜ã€‘ã‚¦ãƒå¨˜æ¼«ç”»ã¾ã¨ã‚94ã€æ¼«ç”»4æšã€‘ - pixiv",0
"Kate Middleton's Sister, Pippa's Ex Dead By Suicide Age 45",0
Request unsuccessful. Incapsula incident ID: 889000700375105330-394923213588074894,0
Eijaz Khan On Playing An Undercover Agent: 'It's A True Honour To Portray Such A Character ',0
Request unsuccessful. Incapsula incident ID: 76000400275654444-254865262020135433,0
Legacy media ignore detained Americans â€” why?,0
Belgium reportedly to deliver 300 LMV combat vehicles to Ukraine,0
Request unsuccessful. Incapsula incident ID: 1344001110099447706-212215261896383436,0
"MASHLE, Mashle / ãƒãƒƒã‚·ãƒ¥ãƒ«ã¾ã¨ã‚ï¼‘ / October 17th, 2020 - pixiv",0
Verteidigungspolitik: Trump bekennt sich zur Nato - zumindest teilweise,0
I worked as a Starbucks barista for over a year. Here are 9 signs you're about to get a bad drink.,0
"El Ferrari SF-24, un cambio de concepto mÃ¡s innovador de lo que parece",0
(ENG) Only For Love (2023) Ep 34 EngSub - Dailymotion Video Font,0
"Les nÃ©gociations avancent sur la transition en HaÃ¯ti, les violences se poursuivent",0
"Leaders, celebrity chef celebrate Bowery Farming's success",0
The Voice of Germany Staffel 13 Folge 11 streamen,0
American CEOs Get Ready to Go to Beijing. But Who Will Receive Them?,0
Liverpool news: Jurgen Klopp handed Man Utd injury boost as Mohamed Salah stance clear,0
Why Isn't Shohei Ohtani Pitching In 2024? Fantasy Baseball Injury Update,0
The Traitors UK S2 Episode 1 - video Dailymotion Font,0
Haven has caravan holidays in June from just Â£3pp a night - but you'll need to act fast,0
10 Best V12-Engined Performance Cars For Collectors,0
"Fairfield women get #13 seed, will face #4 seed Indiana in first round of NCAA tournament",0
Comics & Novelas Ligeras en espaÃ±ol | Ikigai Mangas,0
Cara Tambah dan Hapus Daftar Transfer di Aplikasi BNI Mobile Banking,0
ì‚¬ê³¼ì—ë„ ì´ì„  ë¸”ë™í™€ ëœ â€˜íšŒì¹¼í…ŒëŸ¬â€™â€¦í™©ìƒë¬´ â€œì°¸ëª¨ê°€ ë¶€ë‹´ì¤˜ì„œëŠ” ì•ˆë¼â€ ìì§„ ì‚¬í‡´,0
Wildfire smoke heavy in Staunton area Wednesday morning,0
ã€ãƒ ãƒ¼ãƒŸãƒ³ã€‘æ€ã‚ãšæŠ±ãã¤ããŸããªã‚‹ã€Œæ·»ã„å¯ã‚¹ãƒŠãƒ•ã‚­ãƒ³ã€ã¨ç´ æ•µãªå¤¢ã‚’è¦‹ã‚ˆã†,0
How Many Calories Are In a Banana?,0
More like two handled - 9GAG 9GAG,0
30+ Actors Who Were Born Rich - Hello Hedgehog,0
â€˜Knives Out' Team Rian Johnson and Ram Bergman Sign Two-Picture Deal With Warner Bros.,0
"NYT columnist David Brooks speaks about Trump, Biden and democracy in danger at Boe Forum",0
Canada's top bed bug cities have been revealed â€” Montreal's ranking may surprise you,0
ã‚¹ãƒˆãƒ¬ã‚¹ãŒãŸã¾ã£ãŸçŒ«ã«è¦‹ã‚‰ã‚Œã‚‹ã€6ã¤ã®ç•°å¤‰ã€ å¿ƒèº«ã¨ã‚‚ã«æ‚ªåŒ–ã™ã‚‹å‰ã«ã‚„ã‚‹ã¹ãå¯¾å‡¦æ³•ã‚‚,0
9 Unusual And Beautiful Examples Of Heterochromia,0
"Illegal aliens protected by 2nd Amendment, Phish Discussion Topic on Phantasy Tour",0
æ•£ã‚‰ã°ã£ãŸç‚¹ãŒç·šã«å¤‰ã‚ã‚‹ã€ã‚­ãƒ£ãƒ­ã‚¦ã‚§ã‚¤ã€SUPERSOFT SPLATTER 360ã€ãƒœãƒ¼ãƒ«ã€4æœˆ5æ—¥é™å®šãƒ‡ãƒ“ãƒ¥ãƒ¼,0
Traeger Appetizer Recipes,0
Microsoft poised to reap massive profits from Gen-AI: Goldman Sachs,0
Panama City Beach eats - dine deliciously at these fabulous restaurants,0
"Castlemaine, Victoria's monthly weather planner | MSN Weather â€Â°C No data available",0
 Classic Block Puzzle,0
ãƒ­ã‚·ã‚¢è»ã€ã‚¦ã‚¯ãƒ©ã‚¤ãƒŠæ±éƒ¨ã§æ”»å‹¢ã‚‚ç”šå¤§ãªæå¤±,0
Warren Buffett: 12 Things Poor People Squander Money On,0
ã€æ—¥å‘å‚46ã€ã€æ±äº¬ã‚¹ã‚«ã‚¤ãƒ„ãƒªãƒ¼ã¨ã®åˆã‚³ãƒ©ãƒœã«æ„æ°—è¾¼ã¿ ä½ã€…æœ¨ä¹…ç¾ã€Œã„ã¤ã‚‚ç§ãŸã¡ã®å¿ƒã®ä¸­ã«ã‚ã‚‹ã‚ˆã†ãªã€,0
How Intrapreneurship Can Contribute to Business Success,0
Zelensky accused of trying to 'cleanse opposition' as Ukraine splits over Russia war,0
Brittany Mahomes' old Taylor Swift hate-Tweets go viral now that they are BFFs,0
Lufkin ISD considers cutting staff as COVID-related enrollment decline affects budget,0
à¹€à¸„à¸¥à¹‡à¸”à¸¥à¸±à¸šà¸§à¸´à¸˜à¸µà¹€à¸à¹‡à¸š "à¸‚à¸™à¸¡à¸ˆà¸µà¸™" à¹ƒà¸«à¹‰à¹€à¸ªà¹‰à¸™à¸¢à¸±à¸‡à¸ªà¸”à¹€à¸«à¸¡à¸·à¸­à¸™à¹ƒà¸«à¸¡à¹ˆ à¹„à¸¡à¹ˆà¸•à¹‰à¸­à¸‡à¸—à¸´à¹‰à¸‡à¹ƒà¸«à¹‰à¹€à¸ªà¸µà¸¢à¸”à¸²à¸¢,0
Duty After School ep 6 eng sub - video Dailymotion Font,0
D&D Combat Tips For Dungeon Masters,0
"25+ Fictional TV Weddings, Ranked by Romance - Hello Hedgehog",0
KIXS FM 108 - Listen Live,0
Steelers sign two promising WRs for 2024 season,0
Groundbreaking study reveals how AI is transforming the creator economy,0
Will FedEx Earnings Show The Temu Effect Is Propelling U.S. Package Deliveries?,0
Do you have thousands of unread emails in your inbox? Research suggests thatâ€™s unwise.,0
"SWAT responds after suspect barricaded himself in residence, North Carolina officers say",0
Maximizing Your Chances of Visa Approval: A Step-by-Step Guide,0
QuÃ© propuso XÃ³chitl GÃ¡lvez en seguridad: una megacÃ¡rcel y â€œfin de los abrazos a criminalesâ€,0
A look at Auburn basketball's all-time NCAA Tournament results window.isCSRFallback=true;,0
Prince William and Prince Harry make separate appearances at event honoring Princess Diana,0
GARDEN SONG TAB by Phoebe Bridgers @ Ultimate-Guitar.Com,0
Get Prime Perks During Amazon's Big Spring Sale Without Paying for a Subscription,0
lurkers.io â†»,0
La Mesa public charter school in jeopardy after district school board issues notice of violation,0
Games That Have Unique Progression Systems,0
Drogenpolitik: Lauterbach will bei Cannabis-Gesetz auf LÃ¤nder zugehen,0
ç™½åœŸ - pixiv,0
Sucesos.- Fallece un trabajador de 27 aÃ±os al caer del tejado de una nave en la capital,0
The Sixth Sense S3 (2021) Episode 1 English sub - video Dailymotion Font,0
Di Morgonkoll: Avvaktande bÃ¶rser i Asien â€“ Samsung lyfter,0
Lesson one in producing music - 9GAG 9GAG,0
"Utlandsresor med tÃ¥g minskar â€“ ""Ã¤r krÃ¥ngligt""",0
Luke's Lobster partners with the Red Sox to bring Maine lobster rolls to Fenway Park,0
The Apprentice UK S18E03 - video Dailymotion Font,0
Elevate Your Look With These Stylish New Amazon Sweaters,0
Le mete da scegliere per i weekend di primavera,0
ç«è…¿ç‹ç‰Œæ‰¾å›èº«æ‰‹ï¼ä¸Šæ¾¤ç›´ä¹‹ä¸»æŠ•4å±€åªå¤±1åˆ†,0
"La Porsche 911 ibrida arriverÃ  quest'estate, Ã¨ confermato",0
Trump lover at bakke op om Nato hvis Europa spiller efter reglerne,0
DUST IN THE WIND TAB by Kansas @ Ultimate-Guitar.Com,0
Step back in time: Civil War reenactor will performs Thursday Zearing Heritage Hall,0
DIY Grill Gazebo Plans: Make a Grillzebo!,0
å¸‚å ´éœå€™Fedæ±ºç­– äºè‚¡æ™®éæ”¶æ¼²ã€æ—¥åœ“çºŒè²¶,0
First amphibian that feeds milk to young discovered,0
A Place in the Sun host slams 'straight white men' for 'crying' over new hate crime laws,0
Fed lÃ¤sst Leitzins auf hohem Niveau - Senkungen in Aussicht,0
ëŒì•„ì˜¨ ë°”ì´ì˜¤æ ªâ€¦ì„ìƒÂ·ê¸°ìˆ  ìˆ˜ì¶œ í˜¸ì¬ ë¶€ê°,0
"Bibilo, Woman, PoznaÅ„ | Fotka.com",0
In the news today: Canadians in Gaza taken into Israeli custody as Joly seeks answers,0
Request unsuccessful. Incapsula incident ID: 1700000720358464674-90320452221932064,0
"What Couple to Throuple gets wrong about polyamory, according to the experts",0
â€˜The Gentlemenâ€™ and 'Damsel' Lead Netflix's Top 10 Charts Two Weeks in a Row,0
Six truths of delayed diagnosis and misdiagnosis,0
The Only Major Actors Still Alive From Escape From New York,0
Â¿Por quÃ© las lavadoras de ahora tardan mucho mÃ¡s en lavar la colada?,0
These Are the Best Chicken Breeds for Your Flock,0
Top 15 Things To Do This Weekend In Dallas & Collin County,0
"IOC kontert russische Kritik: ""Neuer Tiefpunkt""",0
Lauren Boebert Obama Clip Goes Viral,0
How Commanders Signing Mariota Impacts Daniels vs. Maye,0
Poached Vs Coddled Eggs: What's The Difference?,0
Root Beer Is The Secret Weapon For Better Chili,0
"Health Condition : Symptoms, Causes, Treatment and More",0
My Name Is Earl S02 E12 Our Cops is On - Dailymotion Video Font,0
Request unsuccessful. Incapsula incident ID: 885001420168860123-223886929982464903,0
Bodies of US WW2 troops found on Pacific island,0
Advierten que el 83% de la tinta de tatuajes cuenta con ingredientes no especificados,0
U.S. ambassador meets with detained Wall Street Journal reporter,0
"Por orden del INE, AMLO baja maÃ±anera en la que exhortÃ³ a Vidulfo Rosales no provocar en campaÃ±as",0
Highest-Scoring Single Games By Tiers: Wilt's 100-Point Game Is Still At The Top Of The Pyramid,0
"Banyak Wajah Baru yang Lolos jadi Anggota Legislatif,Pengamat Bilang karena Masyarakat Sudah Jenuh",0
How to pre-register for Solo Leveling: Arise,0
Flowers in the desert: El Pasoans enjoy return of Poppies Fest 2024,0
As 6 primeiras transmissÃµes coloridas da televisÃ£o mundial,0
BitcoinWisdom - Live Bitcoin/Cryptocurrency charts,0
Scorpio and Aquarius compatibility: What to know about the 2 star signs coming together,0
GAME HUB,0
Curious George Full Episodes Skunked Full Episodes - Dailymotion Video Font,0
Lakota Local Schools Board to vote on Darbi Boddy's continued presence on school board,0
"After delayed rollout, new FAFSA applications now online",0
ä¸Šæ˜ ã‚¹ã‚±ã‚¸ãƒ¥ãƒ¼ãƒ«ã€å…¬å¼ã€‘ï½œç†Šæœ¬ãƒ”ã‚«ãƒ‡ãƒªãƒ¼ ç†Šæœ¬ãƒ”ã‚«ãƒ‡ãƒªãƒ¼ Kumamoto Piccadilly âœ• ã“ã®ç”»é¢ã‚’é–‰ã˜ã‚‹,0
The Double Life of My Billionaire Husband HD Full Episode - video Dailymotion Font,0
What Are the Rules for Tipping in Italy?,0
How the news changes the way we think and behave,0
"I tried 25 of Trader Joe's award-winning foods, and would buy at least 23 of them again",0
Emma Barnett: â€˜Why I wanted a certificate after losing my babyâ€™,0
ç±³å›½å†…ã®ä¸­å›½è£½ã€Œæ¸¯æ¹¾ã‚¯ãƒ¬ãƒ¼ãƒ³ã€ã«ã€åµå¯Ÿã€Ÿæ©Ÿå™¨ã‹ ã‚¤ãƒ³ãƒ•ãƒ©æƒ…å ±ãŒå®‰å…¨ä¿éšœä¸Šã®ãƒªã‚¹ã‚¯ã«â€¦ã€Œå…¨å®¹æŠŠæ¡ãŒå¿…è¦ã€æ—¥æœ¬ã¯å¤§ä¸ˆå¤«ã‹,0
Facebook and Instagram restored after outages,0
YaÅŸlÄ±larÄ±n ayaÄŸÄ±na kadar gidip kimliklerini evlerinde yeniliyorlar,0
Dashboard | CMS | Brightspot Brightspot Username Password Log In Forgot Password?,0
A prueba de fuego - PelÃ­cula completa en espaÃ±ol - VÃ­deo Dailymotion Font,0
A Harsh Comment On The View From The Hosts Caused The Show To Lose Five Major Advertisers,0
Expectations for the Canadiensâ€™ Final 20 Games,0
Aviva by Kameel picks Buckhead for new location,0
Luis SuÃ¡rez estÃ¡ intratable y se gana el reconocimiento al Mejor Jugador de la Semana en la MLS,0
Request unsuccessful. Incapsula incident ID: 886001450260714205-143112742767043654,0
ToonHQ | Guides for Toontown Rewritten and Corporate Clash,0
"Anaheim demolishes motel on Beach Boulevard, plans to build affordable housing",0
"The Stats Behind The Game: Canucks 3, Sabres 2",0
'Round and round we go': Analysts say Trump waived presidential immunity in N.Y. trial,0
"Sphere cancelled Phish suites, doubled price, Phish Discussion Topic on Phantasy Tour",0
Ludicolo | DP | Smogon Strategy Pokedex Loading...,0
ì–´ë””ì„œ ë°ì´íŠ¸ í•´ì•¼í• ì§€ ëª¨ë¥´ê² ë‹¤ë©´ ì¶”ì²œ! ê°€ë¡œìˆ˜ê¸¸ ë§›ì§‘ BEST5,0
â€˜Victim Narcissistsâ€™ Are Secretly Super Manipulativeâ€”Here Are the 8 Red Flags To Help Spot One,0
Live Sport und News,0
Kurulus Osman Season 05 Episode 107 - Urdu Dubbed - Har Pal Geo(720P_HD) - video Dailymotion Font,0
How to Improve Memory: Expert Tips for Seniors,0
Fawlty Towers S01E01 - video Dailymotion Font,0
Request unsuccessful. Incapsula incident ID: 1352001080072386471-130623879843945227,0
"Essonne : surpris sur un parking, lâ€™amant poignarde le mari et roule sur sa maÃ®tresse",0
ã€ˆé®­ãƒ•ãƒ¬ãƒ¼ã‚¯ã¨ç„¼ãé®­ã€‰æ „é¤Šä¾¡ã¯åŒã˜ï¼Ÿé®­ãƒ•ãƒ¬ãƒ¼ã‚¯ã§ã‚‚é­šã‚’é£Ÿã¹ã¦ã‚‹ã¨ã‚«ã‚¦ãƒ³ãƒˆã—ã¦ã‚‚ã„ã„ï¼Ÿæ „é¤Šå£«ãŒå›ç­”,0
"Stimulus update: Direct payment worth $1,312 to be sent to some Alaska residents in one day",0
Kyoumeiï½œPicrew Turn your phone to portrait mode or enlarge your screen size to play,0
Just when you picked up your Uber passenger.. - 9GAG 9GAG,0
"Howard County families protest cuts to teachers, school programs",0
Five best deals made by Steelers GM Omar Khan,0
30+ Facts You Never Knew About Road House - Hello Hedgehog,0
Estrella de Amor - Capitulo 1 - Audio EspaÃ±ol | Kuzey YÄ±ldÄ±zÄ± - VÃ­deo Dailymotion Font,0
ã€Œãƒ‘ãƒ¼ãƒã‹ã‘ãŸã‚ˆã€ä¸­æ£®æ˜èœã¨LINEã§ã‚„ã‚Šã¨ã‚Šã‚‚â€¦ä»Šã‚‚ã¤ãªãŒã£ã¦ã„ãŸâ€œå…ƒã‚¸ãƒ£ãƒ‹ãƒ¼ã‚ºã‚¢ã‚¤ãƒ‰ãƒ«ã®å½¼â€,0
Republicans regroup after Biden impeachment inquiry sputters,0
Home - Welcome to WOW,0
Katakana â€“ Words | Real Kana,0
War pigs â€“ Black Sabbath War Pigs for solo cello Sheet music for Vocals (Solo) | Musescore.com,0
OffiDocs online Linux apps running via web browser,0
Il Portaborse (1991) 1Â°Parte HD - Video Dailymotion Font,0
Chocolate Peanut Clusters,0
Geldanlage: Was Frauen besser machen als MÃ¤nner,0
"Should You Take Out a $100,000 Personal Loan? What To Consider Before Borrowing a 6-Figure Sum",0
Â¿QuÃ© le pasa al cuerpo cuando te dan calambres? Ocurren por esta razÃ³n,0
The Rothschilds Have Been One of the World's Wealthiest Families for Centuries,0
Gundaling Farmstead dan 4 Tempat Wisata yang Lagi Hits di Berastagi Sumatera Utara,0
Erste Fotos von Daniel BrÃ¼hl als Modezar,0
10 Forgotten WWE TV Personalities Of The 2000s,0
Request unsuccessful. Incapsula incident ID: 885001420168868690-265261290542670725,0
Ethiopia starvation: Fear of famine in Tigray grows,0
Etat d'urgence dÃ©clarÃ©: une ville assaillie par des ours,0
Rebecca Grossman accused of illegal conduct through jailhouse calls,0
"4 Sternzeichen, die unertrÃ¤glich sind, wenn es ihnen nicht gut geht",0
VerificaciÃ³n de datos: 5 afirmaciones falsas de Trump sobre la OTAN,0
It's Stunningly Easy To Make CrÃ¨me BrÃ»lÃ©e Bagels,0
Il contorno occhi per pelli sensibili piÃ¹ amato,0
"Amikor nem tudsz vezetni egy Lamborghinit, Ã©s Ã¶sszetÃ¶rÃ¶d",0
The Worst Rated Restaurants In Each State - Quizzable,0
ë†’ì´ ìŒ“ì•„ë„ ì•ˆì •ì â€¦ ëƒ‰ì¥ê³  ì •ë¦¬ ê¹”ë”í•˜ê²Œ,0
The Honda Civic Turned Into A Fake Dodge Challenger Is Going Into Production,0
ÙˆØ²Ø§Ø±Ø© Ø§Ù„Ø¯ÙØ§Ø¹ Ø§Ù„Ø³ÙˆØ±ÙŠØ©: Ø¶Ø±Ø¨Ø§Øª Ø¬ÙˆÙŠØ© Ø¥Ø³Ø±Ø§Ø¦ÙŠÙ„ÙŠØ© Ø§Ø³ØªÙ‡Ø¯ÙØª Ø±ÙŠÙ Ø¯Ù…Ø´Ù‚,0
"Blue Archive, BlueArchive, Kinugawa Kasumi / ã‚«ã‚¹ãƒŸğŸ˜¢ - pixiv",0
Seaweed: Itâ€™s always greener,0
How Much Is A Private Jet Pilot's Salary?,0
Request unsuccessful. Incapsula incident ID: 886001450260714205-271760959041053765,0
åŒ—éŸ“å®˜åª’ç¨±é‡‘ä¸»æ„›ç‚ºåš®å°è€… ä¸æ’é™¤æˆé‡‘æ­£æ©æ¥ç­äºº,0
Welches Mastermind knackt den Code? streamen | Joyn,0
SOMETHING BEAUTIFUL CHORDS by Gaither Vocal Band @ Ultimate-Guitar.Com,0
10 High School Movies That Favor The Cool Kids,0
p,0
How Can We Dodge Depression? Five Everyday Tips,0
ä¸­å›½ã€æ¸¤æµ·ä¸­åŒ—éƒ¨ã§1å„„ãƒˆãƒ³ç´šæ²¹ç”°ã‚’å†ã³ç™ºè¦‹,0
What Is Ylang Ylang?,0
2024å¹´ã®ã€Œé’æ˜¥18ãã£ã·ã€ã¯ã€åŒ—é™¸æœ¬ç·šï¼ˆé‡‘æ²¢ï½æ•¦è³€é–“ï¼‰ãªã©ãŒç‰¹ä¾‹åŒºé–“ã«è¿½åŠ  å»ƒæ­¢ã•ã‚Œãªã„ã‚ˆã†ã«åˆ©ç”¨ã—ã‚ˆã†,0
Meet Dr. Nakeia Daniels named first Black woman to lead the Oregon Department of Veteransâ€™ Affairs,0
"#mechabare Drawings, Best Fan Art on pixiv, Japan",0
10 Places That No Longer Exist,0
"Best Electric Kettles: Choose From Kent, Philips, And Other brands!",0
Garnacho tend les bras au Real Madrid,0
Rihanna ft. Mikky Echo - Stay Sheet music for Piano (Piano Duo) | Musescore.com,0
10 Great Actors Who Never Played The Lead In A Movie,0
Pregunte a los profesionales de la salud,0
Joko & Klaas gegen ProSieben Staffel 6 Folge 8 streamen,0
CALIFORNICATION BASS by Red Hot Chili Peppers @ Ultimate-Guitar.Com,0
What could it cost Jets to trade up to pick 5 in NFL Draft?,0
The Hardest Achievements In Cookie Clicker,0
Request unsuccessful. Incapsula incident ID: 1344001110099447706-143902269455211465,0
Request unsuccessful. Incapsula incident ID: 886001450260714205-183514177270588484,0
Everything You Need to Know About Acne,0
U.S. Fans Convinced Tyson Will KO Paul ... Unless Thereâ€™s A Fix,0
Hombre quiso opacar a seguidores con su 'cuerpower' y asÃ­ le fue en redes sociales,0
3 more free agents Cowboys should sign after swiping Eric Kendricks,0
Hair loss could be caused by omega-3 deficiency - best fish to eat,0
The Canned Ingredient You Need For Ultra Savory Mashed Potatoes,0
George Lucas Has Bob Iger's Back: â€˜Creating Magic Is Not for Amateurs',0
â€œMAFSâ€' Austin and Jessica Hurd Expecting Second Baby Together: 'So Excited to Share' (Exclusive),0
Tãƒ¢ãƒ¼ãƒ«ã¾ã„ã«ã¡ã‚¯ã‚¤ã‚ºâ”‚Tãƒ¢ãƒ¼ãƒ« TOP ãƒšãƒ¼ã‚¸ ã‚²ãƒ¼ãƒ ã§è²¯ã‚ã‚‹ Tãƒ¢ãƒ¼ãƒ«ã¾ã„ã«ã¡ã‚¯ã‚¤ã‚º Tãƒã‚¤ãƒ³ãƒˆãŒè²¯ã¾ã‚‹ ã‚²ãƒ¼ãƒ ä¸€è¦§ã¯ã“ã¡ã‚‰ï¼ ï¼œPRï¼ ï¼œPRï¼,0
A million-dollar 'unicorn' home in Ankeny features a personal elevator and woodland views,0
Elden Ring: 15 Best Faith Scaling Weapons,0
Esta es la mejor fruta que puedes comer despuÃ©s de tomar alcohol,0
La crema antirughe amata da Paola Marella,0
Caramel butter cake,0
ä¸ªäººæ¡£æ¡ˆ - Moriaty114,0
"original comic, original, painting / ã‚ã‚‹è‚–åƒ - pixiv",0
Auto theft: Ontario and Montreal police reportedly working on joint investigation,0
Wir mÃ¼ssen die BevÃ¶lkerung ja schÃ¼tzen ğŸ¤¡ - 9GAG 9GAG,0
W3schools Pathfinder Spinner indicating that the content is loading,0
15 Foods You Should Never Eat After 40,0
MarvelSnap.pro,0
Pick TV - Watch live TV channels streaming on the Internet 1 T English 172 tv channels,0
Auf Wiedersehen Pet Series 1 Episode 5 Home Thoughts From Abroad - video Dailymotion Font,0
HELOC or home equity loan: Which is better for home repairs?,0
Ponadczasowa kurtka w KiK za 70 zÅ‚otych. Podobny model znajdziesz w Sinsay,0
ã‚ãªãŸã®å‘¨ã‚Šã«ã‚‚ã„ã¾ã›ã‚“ã‹ï¼Ÿã€äººã‹ã‚‰å«Œã‚ã‚Œã‚‹äººã€ã®ç‰¹å¾´7é¸,0
Esta es la mejor vitamina para reducir el cansancio fÃ­sico y mental,0
"OUR PSALM 23 CHORDS by Common Hymnal for guitar, ukulele, piano at Ultimate-Guitar",0
Les Marseillais : S1 E2 19-11-2012- 6play Retour Ã  la navigation Lire la vidÃ©o ... ......,0
The Best Ways To Back Up Your PC Data,0
El Manchester United reina en la locura de Old Trafford y elimina al Liverpool de la FA Cup,0
Britainâ€™s Disastrous Path to Net Zero Is a Warning to the U.S.,0
"Negligent homicide case opened after Hawaii Island crash leaves 1 dead, 3 injured",0
"Keeping your white curtains brilliant: Handy tips for cleaning, bleaching and maintaining them",0
Heinz History Center unveils storied legacy of Pittsburgh women through new exhibit,0
Germany's Next Topmodel Staffel 2 Folge 1 streamen,0
Best Chest Finishers to Destroy Your Pectoral Muscles,0
The 8 Best Pairs of Leviâ€™s Jeans to Transition into the New Season,0
Dailymotion,0
La ganancia de la pÃ©rdida,0
ã€Œã“ã‚Šã‚ƒã„ã„ã‚ã€ å›½é“254å·ä»£ã‚ã‚Šã®ã€Œ7kmè¿‘é“ãƒ«ãƒ¼ãƒˆã€ã«å–œã³ã®åéŸ¿ ã€Œé–¢è¶ŠICâ€å¯„å±…ã€ã«â€œã¾ã£ã™ããƒã‚¤ãƒ‘ã‚¹â€å…¨é€šã¸,0
27è¬ç²‰ç¶²ç´…ã€Œé‡˜å­¤æã€è¢«æ‰“æ­»ï¼äº«å¹´30æ­² æ©å¸«é£†æ·šè­‰å¯¦å™©è€—,0
"Plymouth man admits to causing death of girl, 7, who fell from his pickup truck",0
Why do non-smokers get lung cancer?,0
cedarrapidsgazette,0
Sp-topp avviser SV-samarbeid,0
ã€Œå—ã®ãªãªã¤æ˜Ÿã€ã¨å‘¼ã°ã‚ŒãŸä»²é–“ãŸã¡...åœ°åŸŸã®çµ†ã‚’ã¤ãªã„ã å°å­¦æ ¡ã§æœ€å¾Œã®å’æ¥­å¼ã€é•·å´å¸‚ã€‘,0
How long do tomatoes take to grow? And how you can speed up the process,0
Trump favorites Moreno and Merrin win GOP primaries to face 2 vulnerable Ohio Democrats this fall,0
"OH YOKO CHORDS (ver 3) by John Lennon for guitar, ukulele, piano at Ultimate-Guitar",0
7 Essential SEO Best Practices for Web Developers,0
A financial planner says rich people do 5 things with their money that keep them wealthy,0
Caamp Chords & Tabs,0
KÃ¶zzÃ©tette a rendÅ‘rsÃ©g a jÃ³zsefvÃ¡rosi gyilkossÃ¡g gyanÃºsÃ­tottjÃ¡nak kÃ©pÃ©t,0
Location de voiture longue durÃ©e : quels frais sont inclus ?,0
Arlington police investigating manâ€™s shooting death; suspect at large,0
Better-Than-The-Mall Cookie Cake Skip to Main Content,0
Location Media Xchange,0
Define tu propÃ³sito en la vida,0
Request unsuccessful. Incapsula incident ID: 8216000040039470361-116497526698803468,0
"Give me example of popular narratives I know this meme appears, somewhat edgy - 9GAG 9GAG",0
This outdoor activity could help improve menopause symptoms,0
Fentanyl poisoning: Luke D'Wit guilty of murdering Essex couple,0
The Best Games That Are 20 Years Old But Still Worth Playing,0
Ø£ÙƒØ³ÙŠÙˆØ³: ÙˆØ§Ø´Ù†Ø·Ù† Ø³ØªÙ‚ØªØ±Ø­ Ø¹Ù„Ù‰ Ø¥Ø³Ø±Ø§Ø¦ÙŠÙ„ Ø¨Ø¯ÙŠÙ„Ø§ Ù„Ù‡Ø¬ÙˆÙ… Ø±ÙØ­,0
"No, properly stored bottled water does not expire",0
"Dorena-Hickman Ferry reopens, running on summer schedule",0
Easy French Toast for One Recipe,0
"Cuatro maneras de mejorar la agilidad mental y la memoria, segÃºn expertos de Harvard",0
"Kancolle, Kantai Collection, Hibiki / AI ã‚¢ãƒªã‚¹æœéŸ¿ - pixiv",0
Request unsuccessful. Incapsula incident ID: 480000020166397261-107150749642784897,0
Ayodhya: Temple to open at Indiaâ€™s religious fault-line,0
This small change in the definition of broadband could have a big impact,0
To rob a COP .. - 9GAG 9GAG,0
"CÃ³mo puedes arreglar tu trabajo para que te guste, en tres pasos",0
Pizza aufwÃ¤rmen: So schmeckt sie wie frisch aus dem Ofen,0
ãƒãƒ³ãƒ‰ã˜ã‚ƒãªã„ã‚‚ã‚“ï¼ï¼­ï¼¡ï¼¸ï¼¸ ï¼®ï¼¡ï¼«ï¼¡ï¼¹ï¼¯ï¼³ï¼¨ï¼©ã€ï¼“åº¦ç›®ã®ãƒ¡ã‚¸ãƒ£ãƒ¼ãƒ‡ãƒ“ãƒ¥ãƒ¼ æ–°æ›²ã¯é›£æ˜“åº¦ï¼­ï¼¡ï¼¸ï¼,0
"Ejercicio para salvar tu matrimonio, segÃºn un estudio",0
Open letter condemning Oscar winner's Israel-Gaza speech doubles in signatures after going viral,0
è­‰å¯¦TikToké«˜å±¤ä¾†å°æœƒè«‡ å”é³³ï¼šæˆ‘å€‘ç´„çš„,0
"What are the symptoms, causes and treatments of bone cancer?",0
Glucosa en sangre: asÃ­ debes interpretar los resultados y niveles,0
QSX3 - pixiv,0